[2026-07-29 12:44:33] production.ERROR: The C:\Users\LENOVO\Desktop\Wesbite Sipetran\Website_Sipetran\bootstrap\cache directory must be present and writable. {"exception":"[object] (Exception(code: 0): The C:\\Users\\LENOVO\\Desktop\\Wesbite Sipetran\\Website_Sipetran\\bootstrap\\cache directory must be present and writable. at C:/Users/LENOVO/Desktop/Wesbite Sipetran/Website_Sipetran/vendor/laravel/framework/src/Illuminate/Foundation/PackageManifest.php:179)
[stacktrace]
#0 C:/Users/LENOVO/Desktop/Wesbite Sipetran/Website_Sipetran/vendor/laravel/framework/src/Illuminate/Foundation/PackageManifest.php(132): Illuminate/Foundation/PackageManifest->write(Array)
#1 C:/Users/LENOVO/Desktop/Wesbite Sipetran/Website_Sipetran/vendor/laravel/framework/src/Illuminate/Foundation/PackageManifest.php(108): Illuminate/Foundation/PackageManifest->build()
#2 C:/Users/LENOVO/Desktop/Wesbite Sipetran/Website_Sipetran/vendor/laravel/framework/src/Illuminate/Foundation/PackageManifest.php(91): Illuminate/Foundation/PackageManifest->getManifest()
#3 C:/Users/LENOVO/Desktop/Wesbite Sipetran/Website_Sipetran/vendor/laravel/framework/src/Illuminate/Foundation/PackageManifest.php(80): Illuminate/Foundation/PackageManifest->config('aliases')
#4 C:/Users/LENOVO/Desktop/Wesbite Sipetran/Website_Sipetran/vendor/laravel/framework/src/Illuminate/Foundation/Bootstrap/RegisterFacades.php(26): Illuminate/Foundation/PackageManifest->aliases()
#5 C:/Users/LENOVO/Desktop/Wesbite Sipetran/Website_Sipetran/vendor/laravel/framework/src/Illuminate/Foundation/Application.php(342): Illuminate/Foundation/Bootstrap/RegisterFacades->bootstrap(Object(Illuminate/Foundation/Application))
#6 C:/Users/LENOVO/Desktop/Wesbite Sipetran/Website_Sipetran/vendor/laravel/framework/src/Illuminate/Foundation/Http/Kernel.php(187): Illuminate/Foundation/Application->bootstrapWith(Array)
#7 C:/Users/LENOVO/Desktop/Wesbite Sipetran/Website_Sipetran/vendor/laravel/framework/src/Illuminate/Foundation/Http/Kernel.php(171): Illuminate/Foundation/Http/Kernel->bootstrap()
#8 C:/Users/LENOVO/Desktop/Wesbite Sipetran/Website_Sipetran/vendor/laravel/framework/src/Illuminate/Foundation/Http/Kernel.php(145): Illuminate/Foundation/Http/Kernel->sendRequestThroughRouter(Object(Illuminate/Http/Request))
#9 C:/Users/LENOVO/.gemini/antigravity-ide/brain/bedfb540-a475-4e28-a2b2-0153c0c25cfe/scratch/test_routes.php(12): Illuminate/Foundation/Http/Kernel->handle(Object(Illuminate/Http/Request))
#10 {main}
"} 
[2026-07-29 12:44:33] production.ERROR: Target class [view] does not exist. {"exception":"[object] (Illuminate\\Contracts\\Container\\BindingResolutionException(code: 0): Target class [view] does not exist. at C:/Users/LENOVO/Desktop/Wesbite Sipetran/Website_Sipetran/vendor/laravel/framework/src/Illuminate/Container/Container.php:961)
[stacktrace]
#0 C:/Users/LENOVO/Desktop/Wesbite Sipetran/Website_Sipetran/vendor/laravel/framework/src/Illuminate/Container/Container.php(832): Illuminate/Container/Container->build('view')
#1 C:/Users/LENOVO/Desktop/Wesbite Sipetran/Website_Sipetran/vendor/laravel/framework/src/Illuminate/Foundation/Application.php(1078): Illuminate/Container/Container->resolve('view', Array, true)
#2 C:/Users/LENOVO/Desktop/Wesbite Sipetran/Website_Sipetran/vendor/laravel/framework/src/Illuminate/Container/Container.php(763): Illuminate/Foundation/Application->resolve('view', Array)
#3 C:/Users/LENOVO/Desktop/Wesbite Sipetran/Website_Sipetran/vendor/laravel/framework/src/Illuminate/Foundation/Application.php(1058): Illuminate/Container/Container->make('view', Array)
#4 C:/Users/LENOVO/Desktop/Wesbite Sipetran/Website_Sipetran/vendor/laravel/framework/src/Illuminate/Container/Container.php(1580): Illuminate/Foundation/Application->make('view')
#5 C:/Users/LENOVO/Desktop/Wesbite Sipetran/Website_Sipetran/vendor/laravel/framework/src/Illuminate/Support/Facades/Facade.php(239): Illuminate/Container/Container->offsetGet('view')
#6 C:/Users/LENOVO/Desktop/Wesbite Sipetran/Website_Sipetran/vendor/laravel/framework/src/Illuminate/Support/Facades/Facade.php(210): Illuminate/Support/Facades/Facade::resolveFacadeInstance('view')
#7 C:/Users/LENOVO/Desktop/Wesbite Sipetran/Website_Sipetran/vendor/laravel/framework/src/Illuminate/Support/Facades/Facade.php(355): Illuminate/Support/Facades/Facade::getFacadeRoot()
#8 C:/Users/LENOVO/Desktop/Wesbite Sipetran/Website_Sipetran/vendor/laravel/framework/src/Illuminate/Foundation/Exceptions/RegisterErrorViewPaths.php(17): Illuminate/Support/Facades/Facade::__callStatic('replaceNamespac...', Array)
#9 C:/Users/LENOVO/Desktop/Wesbite Sipetran/Website_Sipetran/vendor/laravel/framework/src/Illuminate/Foundation/Exceptions/Handler.php(915): Illuminate/Foundation/Exceptions/RegisterErrorViewPaths->__invoke()
#10 C:/Users/LENOVO/Desktop/Wesbite Sipetran/Website_Sipetran/vendor/laravel/framework/src/Illuminate/Foundation/Exceptions/Handler.php(890): Illuminate/Foundation/Exceptions/Handler->registerErrorViewPaths()
#11 C:/Users/LENOVO/Desktop/Wesbite Sipetran/Website_Sipetran/vendor/laravel/framework/src/Illuminate/Foundation/Exceptions/Handler.php(815): Illuminate/Foundation/Exceptions/Handler->renderHttpException(Object(Symfony/Component/HttpKernel/Exception/HttpException))
#12 C:/Users/LENOVO/Desktop/Wesbite Sipetran/Website_Sipetran/vendor/laravel/framework/src/Illuminate/Foundation/Exceptions/Handler.php(706): Illuminate/Foundation/Exceptions/Handler->prepareResponse(Object(Illuminate/Http/Request), Object(Symfony/Component/HttpKernel/Exception/HttpException))
#13 C:/Users/LENOVO/Desktop/Wesbite Sipetran/Website_Sipetran/vendor/laravel/framework/src/Illuminate/Foundation/Exceptions/Handler.php(594): Illuminate/Foundation/Exceptions/Handler->renderExceptionResponse(Object(Illuminate/Http/Request), Object(Exception))
#14 C:/Users/LENOVO/Desktop/Wesbite Sipetran/Website_Sipetran/vendor/laravel/framework/src/Illuminate/Foundation/Http/Kernel.php(575): Illuminate/Foundation/Exceptions/Handler->render(Object(Illuminate/Http/Request), Object(Exception))
#15 C:/Users/LENOVO/Desktop/Wesbite Sipetran/Website_Sipetran/vendor/laravel/framework/src/Illuminate/Foundation/Http/Kernel.php(149): Illuminate/Foundation/Http/Kernel->renderException(Object(Illuminate/Http/Request), Object(Exception))
#16 C:/Users/LENOVO/.gemini/antigravity-ide/brain/bedfb540-a475-4e28-a2b2-0153c0c25cfe/scratch/test_routes.php(12): Illuminate/Foundation/Http/Kernel->handle(Object(Illuminate/Http/Request))
#17 {main}

[previous exception] [object] (ReflectionException(code: -1): Class \"view\" does not exist at C:/Users/LENOVO/Desktop/Wesbite Sipetran/Website_Sipetran/vendor/laravel/framework/src/Illuminate/Container/Container.php:959)
[stacktrace]
#0 C:/Users/LENOVO/Desktop/Wesbite Sipetran/Website_Sipetran/vendor/laravel/framework/src/Illuminate/Container/Container.php(959): ReflectionClass->__construct('view')
#1 C:/Users/LENOVO/Desktop/Wesbite Sipetran/Website_Sipetran/vendor/laravel/framework/src/Illuminate/Container/Container.php(832): Illuminate/Container/Container->build('view')
#2 C:/Users/LENOVO/Desktop/Wesbite Sipetran/Website_Sipetran/vendor/laravel/framework/src/Illuminate/Foundation/Application.php(1078): Illuminate/Container/Container->resolve('view', Array, true)
#3 C:/Users/LENOVO/Desktop/Wesbite Sipetran/Website_Sipetran/vendor/laravel/framework/src/Illuminate/Container/Container.php(763): Illuminate/Foundation/Application->resolve('view', Array)
#4 C:/Users/LENOVO/Desktop/Wesbite Sipetran/Website_Sipetran/vendor/laravel/framework/src/Illuminate/Foundation/Application.php(1058): Illuminate/Container/Container->make('view', Array)
#5 C:/Users/LENOVO/Desktop/Wesbite Sipetran/Website_Sipetran/vendor/laravel/framework/src/Illuminate/Container/Container.php(1580): Illuminate/Foundation/Application->make('view')
#6 C:/Users/LENOVO/Desktop/Wesbite Sipetran/Website_Sipetran/vendor/laravel/framework/src/Illuminate/Support/Facades/Facade.php(239): Illuminate/Container/Container->offsetGet('view')
#7 C:/Users/LENOVO/Desktop/Wesbite Sipetran/Website_Sipetran/vendor/laravel/framework/src/Illuminate/Support/Facades/Facade.php(210): Illuminate/Support/Facades/Facade::resolveFacadeInstance('view')
#8 C:/Users/LENOVO/Desktop/Wesbite Sipetran/Website_Sipetran/vendor/laravel/framework/src/Illuminate/Support/Facades/Facade.php(355): Illuminate/Support/Facades/Facade::getFacadeRoot()
#9 C:/Users/LENOVO/Desktop/Wesbite Sipetran/Website_Sipetran/vendor/laravel/framework/src/Illuminate/Foundation/Exceptions/RegisterErrorViewPaths.php(17): Illuminate/Support/Facades/Facade::__callStatic('replaceNamespac...', Array)
#10 C:/Users/LENOVO/Desktop/Wesbite Sipetran/Website_Sipetran/vendor/laravel/framework/src/Illuminate/Foundation/Exceptions/Handler.php(915): Illuminate/Foundation/Exceptions/RegisterErrorViewPaths->__invoke()
#11 C:/Users/LENOVO/Desktop/Wesbite Sipetran/Website_Sipetran/vendor/laravel/framework/src/Illuminate/Foundation/Exceptions/Handler.php(890): Illuminate/Foundation/Exceptions/Handler->registerErrorViewPaths()
#12 C:/Users/LENOVO/Desktop/Wesbite Sipetran/Website_Sipetran/vendor/laravel/framework/src/Illuminate/Foundation/Exceptions/Handler.php(815): Illuminate/Foundation/Exceptions/Handler->renderHttpException(Object(Symfony/Component/HttpKernel/Exception/HttpException))
#13 C:/Users/LENOVO/Desktop/Wesbite Sipetran/Website_Sipetran/vendor/laravel/framework/src/Illuminate/Foundation/Exceptions/Handler.php(706): Illuminate/Foundation/Exceptions/Handler->prepareResponse(Object(Illuminate/Http/Request), Object(Symfony/Component/HttpKernel/Exception/HttpException))
#14 C:/Users/LENOVO/Desktop/Wesbite Sipetran/Website_Sipetran/vendor/laravel/framework/src/Illuminate/Foundation/Exceptions/Handler.php(594): Illuminate/Foundation/Exceptions/Handler->renderExceptionResponse(Object(Illuminate/Http/Request), Object(Exception))
#15 C:/Users/LENOVO/Desktop/Wesbite Sipetran/Website_Sipetran/vendor/laravel/framework/src/Illuminate/Foundation/Http/Kernel.php(575): Illuminate/Foundation/Exceptions/Handler->render(Object(Illuminate/Http/Request), Object(Exception))
#16 C:/Users/LENOVO/Desktop/Wesbite Sipetran/Website_Sipetran/vendor/laravel/framework/src/Illuminate/Foundation/Http/Kernel.php(149): Illuminate/Foundation/Http/Kernel->renderException(Object(Illuminate/Http/Request), Object(Exception))
#17 C:/Users/LENOVO/.gemini/antigravity-ide/brain/bedfb540-a475-4e28-a2b2-0153c0c25cfe/scratch/test_routes.php(12): Illuminate/Foundation/Http/Kernel->handle(Object(Illuminate/Http/Request))
#18 {main}
"} 
[2026-07-29 12:44:45] production.ERROR: Class "Illuminate\Broadcasting" not found {"exception":"[object] (Error(code: 0): Class \"Illuminate\\Broadcasting\" not found at C:/Users/LENOVO/Desktop/Wesbite Sipetran/Website_Sipetran/config/app.php:16)
[stacktrace]
#0 C:/Users/LENOVO/Desktop/Wesbite Sipetran/Website_Sipetran/vendor/laravel/framework/src/Illuminate/Foundation/Bootstrap/LoadConfiguration.php(97): require()
#1 C:/Users/LENOVO/Desktop/Wesbite Sipetran/Website_Sipetran/vendor/laravel/framework/src/Illuminate/Foundation/Bootstrap/LoadConfiguration.php(97): Illuminate/Foundation/Bootstrap/LoadConfiguration->Illuminate/Foundation/Bootstrap/{closure}()
#2 C:/Users/LENOVO/Desktop/Wesbite Sipetran/Website_Sipetran/vendor/laravel/framework/src/Illuminate/Foundation/Bootstrap/LoadConfiguration.php(78): Illuminate/Foundation/Bootstrap/LoadConfiguration->loadConfigurationFile(Object(Illuminate/Config/Repository), 'app', 'C://Users//LENOVO...', Array)
#3 C:/Users/LENOVO/Desktop/Wesbite Sipetran/Website_Sipetran/vendor/laravel/framework/src/Illuminate/Foundation/Bootstrap/LoadConfiguration.php(39): Illuminate/Foundation/Bootstrap/LoadConfiguration->loadConfigurationFiles(Object(Illuminate/Foundation/Application), Object(Illuminate/Config/Repository))
#4 C:/Users/LENOVO/Desktop/Wesbite Sipetran/Website_Sipetran/vendor/laravel/framework/src/Illuminate/Foundation/Application.php(342): Illuminate/Foundation/Bootstrap/LoadConfiguration->bootstrap(Object(Illuminate/Foundation/Application))
#5 C:/Users/LENOVO/Desktop/Wesbite Sipetran/Website_Sipetran/vendor/laravel/framework/src/Illuminate/Foundation/Http/Kernel.php(187): Illuminate/Foundation/Application->bootstrapWith(Array)
#6 C:/Users/LENOVO/Desktop/Wesbite Sipetran/Website_Sipetran/vendor/laravel/framework/src/Illuminate/Foundation/Http/Kernel.php(171): Illuminate/Foundation/Http/Kernel->bootstrap()
#7 C:/Users/LENOVO/Desktop/Wesbite Sipetran/Website_Sipetran/vendor/laravel/framework/src/Illuminate/Foundation/Http/Kernel.php(145): Illuminate/Foundation/Http/Kernel->sendRequestThroughRouter(Object(Illuminate/Http/Request))
#8 C:/Users/LENOVO/.gemini/antigravity-ide/brain/bedfb540-a475-4e28-a2b2-0153c0c25cfe/scratch/test_routes.php(12): Illuminate/Foundation/Http/Kernel->handle(Object(Illuminate/Http/Request))
#9 {main}
"} 
[2026-07-29 12:45:07] production.ERROR: Class "Illuminate\Broadcasting" not found {"exception":"[object] (Error(code: 0): Class \"Illuminate\\Broadcasting\" not found at C:/Users/LENOVO/Desktop/Wesbite Sipetran/Website_Sipetran/config/app.php:16)
[stacktrace]
#0 C:/Users/LENOVO/Desktop/Wesbite Sipetran/Website_Sipetran/vendor/laravel/framework/src/Illuminate/Foundation/Bootstrap/LoadConfiguration.php(97): require()
#1 C:/Users/LENOVO/Desktop/Wesbite Sipetran/Website_Sipetran/vendor/laravel/framework/src/Illuminate/Foundation/Bootstrap/LoadConfiguration.php(97): Illuminate/Foundation/Bootstrap/LoadConfiguration->Illuminate/Foundation/Bootstrap/{closure}()
#2 C:/Users/LENOVO/Desktop/Wesbite Sipetran/Website_Sipetran/vendor/laravel/framework/src/Illuminate/Foundation/Bootstrap/LoadConfiguration.php(78): Illuminate/Foundation/Bootstrap/LoadConfiguration->loadConfigurationFile(Object(Illuminate/Config/Repository), 'app', 'C://Users//LENOVO...', Array)
#3 C:/Users/LENOVO/Desktop/Wesbite Sipetran/Website_Sipetran/vendor/laravel/framework/src/Illuminate/Foundation/Bootstrap/LoadConfiguration.php(39): Illuminate/Foundation/Bootstrap/LoadConfiguration->loadConfigurationFiles(Object(Illuminate/Foundation/Application), Object(Illuminate/Config/Repository))
#4 C:/Users/LENOVO/Desktop/Wesbite Sipetran/Website_Sipetran/vendor/laravel/framework/src/Illuminate/Foundation/Application.php(342): Illuminate/Foundation/Bootstrap/LoadConfiguration->bootstrap(Object(Illuminate/Foundation/Application))
#5 C:/Users/LENOVO/Desktop/Wesbite Sipetran/Website_Sipetran/vendor/laravel/framework/src/Illuminate/Foundation/Http/Kernel.php(187): Illuminate/Foundation/Application->bootstrapWith(Array)
#6 C:/Users/LENOVO/Desktop/Wesbite Sipetran/Website_Sipetran/vendor/laravel/framework/src/Illuminate/Foundation/Http/Kernel.php(171): Illuminate/Foundation/Http/Kernel->bootstrap()
#7 C:/Users/LENOVO/Desktop/Wesbite Sipetran/Website_Sipetran/vendor/laravel/framework/src/Illuminate/Foundation/Http/Kernel.php(145): Illuminate/Foundation/Http/Kernel->sendRequestThroughRouter(Object(Illuminate/Http/Request))
#8 C:/Users/LENOVO/.gemini/antigravity-ide/brain/bedfb540-a475-4e28-a2b2-0153c0c25cfe/scratch/test_routes.php(12): Illuminate/Foundation/Http/Kernel->handle(Object(Illuminate/Http/Request))
#9 {main}
"} 
[2026-07-29 12:45:16] production.ERROR: Class "Illuminate\Broadcasting" not found {"exception":"[object] (Error(code: 0): Class \"Illuminate\\Broadcasting\" not found at C:/Users/LENOVO/Desktop/Wesbite Sipetran/Website_Sipetran/config/app.php:16)
[stacktrace]
#0 C:/Users/LENOVO/Desktop/Wesbite Sipetran/Website_Sipetran/vendor/laravel/framework/src/Illuminate/Foundation/Bootstrap/LoadConfiguration.php(97): require()
#1 C:/Users/LENOVO/Desktop/Wesbite Sipetran/Website_Sipetran/vendor/laravel/framework/src/Illuminate/Foundation/Bootstrap/LoadConfiguration.php(97): Illuminate/Foundation/Bootstrap/LoadConfiguration->Illuminate/Foundation/Bootstrap/{closure}()
#2 C:/Users/LENOVO/Desktop/Wesbite Sipetran/Website_Sipetran/vendor/laravel/framework/src/Illuminate/Foundation/Bootstrap/LoadConfiguration.php(78): Illuminate/Foundation/Bootstrap/LoadConfiguration->loadConfigurationFile(Object(Illuminate/Config/Repository), 'app', 'C://Users//LENOVO...', Array)
#3 C:/Users/LENOVO/Desktop/Wesbite Sipetran/Website_Sipetran/vendor/laravel/framework/src/Illuminate/Foundation/Bootstrap/LoadConfiguration.php(39): Illuminate/Foundation/Bootstrap/LoadConfiguration->loadConfigurationFiles(Object(Illuminate/Foundation/Application), Object(Illuminate/Config/Repository))
#4 C:/Users/LENOVO/Desktop/Wesbite Sipetran/Website_Sipetran/vendor/laravel/framework/src/Illuminate/Foundation/Application.php(342): Illuminate/Foundation/Bootstrap/LoadConfiguration->bootstrap(Object(Illuminate/Foundation/Application))
#5 C:/Users/LENOVO/Desktop/Wesbite Sipetran/Website_Sipetran/vendor/laravel/framework/src/Illuminate/Foundation/Http/Kernel.php(187): Illuminate/Foundation/Application->bootstrapWith(Array)
#6 C:/Users/LENOVO/Desktop/Wesbite Sipetran/Website_Sipetran/vendor/laravel/framework/src/Illuminate/Foundation/Http/Kernel.php(171): Illuminate/Foundation/Http/Kernel->bootstrap()
#7 C:/Users/LENOVO/Desktop/Wesbite Sipetran/Website_Sipetran/vendor/laravel/framework/src/Illuminate/Foundation/Http/Kernel.php(145): Illuminate/Foundation/Http/Kernel->sendRequestThroughRouter(Object(Illuminate/Http/Request))
#8 C:/Users/LENOVO/.gemini/antigravity-ide/brain/bedfb540-a475-4e28-a2b2-0153c0c25cfe/scratch/test_routes.php(14): Illuminate/Foundation/Http/Kernel->handle(Object(Illuminate/Http/Request))
#9 {main}
"} 
[2026-07-29 12:45:41] production.ERROR: Class "Illuminate\Broadcasting" not found {"exception":"[object] (Error(code: 0): Class \"Illuminate\\Broadcasting\" not found at C:/Users/LENOVO/Desktop/Wesbite Sipetran/Website_Sipetran/config/app.php:16)
[stacktrace]
#0 C:/Users/LENOVO/Desktop/Wesbite Sipetran/Website_Sipetran/vendor/laravel/framework/src/Illuminate/Foundation/Bootstrap/LoadConfiguration.php(97): require()
#1 C:/Users/LENOVO/Desktop/Wesbite Sipetran/Website_Sipetran/vendor/laravel/framework/src/Illuminate/Foundation/Bootstrap/LoadConfiguration.php(97): Illuminate/Foundation/Bootstrap/LoadConfiguration->Illuminate/Foundation/Bootstrap/{closure}()
#2 C:/Users/LENOVO/Desktop/Wesbite Sipetran/Website_Sipetran/vendor/laravel/framework/src/Illuminate/Foundation/Bootstrap/LoadConfiguration.php(78): Illuminate/Foundation/Bootstrap/LoadConfiguration->loadConfigurationFile(Object(Illuminate/Config/Repository), 'app', 'C://Users//LENOVO...', Array)
#3 C:/Users/LENOVO/Desktop/Wesbite Sipetran/Website_Sipetran/vendor/laravel/framework/src/Illuminate/Foundation/Bootstrap/LoadConfiguration.php(39): Illuminate/Foundation/Bootstrap/LoadConfiguration->loadConfigurationFiles(Object(Illuminate/Foundation/Application), Object(Illuminate/Config/Repository))
#4 C:/Users/LENOVO/Desktop/Wesbite Sipetran/Website_Sipetran/vendor/laravel/framework/src/Illuminate/Foundation/Application.php(342): Illuminate/Foundation/Bootstrap/LoadConfiguration->bootstrap(Object(Illuminate/Foundation/Application))
#5 C:/Users/LENOVO/Desktop/Wesbite Sipetran/Website_Sipetran/vendor/laravel/framework/src/Illuminate/Foundation/Http/Kernel.php(187): Illuminate/Foundation/Application->bootstrapWith(Array)
#6 C:/Users/LENOVO/Desktop/Wesbite Sipetran/Website_Sipetran/vendor/laravel/framework/src/Illuminate/Foundation/Http/Kernel.php(171): Illuminate/Foundation/Http/Kernel->bootstrap()
#7 C:/Users/LENOVO/Desktop/Wesbite Sipetran/Website_Sipetran/vendor/laravel/framework/src/Illuminate/Foundation/Http/Kernel.php(145): Illuminate/Foundation/Http/Kernel->sendRequestThroughRouter(Object(Illuminate/Http/Request))
#8 C:/Users/LENOVO/.gemini/antigravity-ide/brain/bedfb540-a475-4e28-a2b2-0153c0c25cfe/scratch/test_routes.php(14): Illuminate/Foundation/Http/Kernel->handle(Object(Illuminate/Http/Request))
#9 {main}
"} 
[2026-07-29 19:46:04] production.ERROR: Class "App\Http\Controllers\Controller" not found {"exception":"[object] (Error(code: 0): Class \"App\\Http\\Controllers\\Controller\" not found at C:/Users/LENOVO/Desktop/Wesbite Sipetran/Website_Sipetran/app/Http/Controllers/HomeController.php:7)
[stacktrace]
#0 C:/Users/LENOVO/Desktop/Wesbite Sipetran/Website_Sipetran/vendor/composer/ClassLoader.php(576): include()
#1 C:/Users/LENOVO/Desktop/Wesbite Sipetran/Website_Sipetran/vendor/composer/ClassLoader.php(427): Composer/Autoload/{closure}('C://Users//LENOVO...')
#2 [internal function]: Composer/Autoload/ClassLoader->loadClass('App//Http//Contro...')
#3 C:/Users/LENOVO/Desktop/Wesbite Sipetran/Website_Sipetran/vendor/laravel/framework/src/Illuminate/Routing/Route.php(1117): is_a('App//Http//Contro...', 'Illuminate//Rout...', true)
#4 C:/Users/LENOVO/Desktop/Wesbite Sipetran/Website_Sipetran/vendor/laravel/framework/src/Illuminate/Routing/Route.php(1054): Illuminate/Routing/Route->controllerMiddleware()
#5 C:/Users/LENOVO/Desktop/Wesbite Sipetran/Website_Sipetran/vendor/laravel/framework/src/Illuminate/Routing/Router.php(820): Illuminate/Routing/Route->gatherMiddleware()
#6 C:/Users/LENOVO/Desktop/Wesbite Sipetran/Website_Sipetran/vendor/laravel/framework/src/Illuminate/Routing/Router.php(802): Illuminate/Routing/Router->gatherRouteMiddleware(Object(Illuminate/Routing/Route))
#7 C:/Users/LENOVO/Desktop/Wesbite Sipetran/Website_Sipetran/vendor/laravel/framework/src/Illuminate/Routing/Router.php(786): Illuminate/Routing/Router->runRouteWithinStack(Object(Illuminate/Routing/Route), Object(Illuminate/Http/Request))
#8 C:/Users/LENOVO/Desktop/Wesbite Sipetran/Website_Sipetran/vendor/laravel/framework/src/Illuminate/Routing/Router.php(750): Illuminate/Routing/Router->runRoute(Object(Illuminate/Http/Request), Object(Illuminate/Routing/Route))
#9 C:/Users/LENOVO/Desktop/Wesbite Sipetran/Website_Sipetran/vendor/laravel/framework/src/Illuminate/Routing/Router.php(739): Illuminate/Routing/Router->dispatchToRoute(Object(Illuminate/Http/Request))
#10 C:/Users/LENOVO/Desktop/Wesbite Sipetran/Website_Sipetran/vendor/laravel/framework/src/Illuminate/Foundation/Http/Kernel.php(201): Illuminate/Routing/Router->dispatch(Object(Illuminate/Http/Request))
#11 C:/Users/LENOVO/Desktop/Wesbite Sipetran/Website_Sipetran/vendor/laravel/framework/src/Illuminate/Pipeline/Pipeline.php(170): Illuminate/Foundation/Http/Kernel->Illuminate/Foundation/Http/{closure}(Object(Illuminate/Http/Request))
#12 C:/Users/LENOVO/Desktop/Wesbite Sipetran/Website_Sipetran/vendor/laravel/framework/src/Illuminate/Foundation/Http/Middleware/TransformsRequest.php(21): Illuminate/Pipeline/Pipeline->Illuminate/Pipeline/{closure}(Object(Illuminate/Http/Request))
#13 C:/Users/LENOVO/Desktop/Wesbite Sipetran/Website_Sipetran/vendor/laravel/framework/src/Illuminate/Foundation/Http/Middleware/ConvertEmptyStringsToNull.php(31): Illuminate/Foundation/Http/Middleware/TransformsRequest->handle(Object(Illuminate/Http/Request), Object(Closure))
#14 C:/Users/LENOVO/Desktop/Wesbite Sipetran/Website_Sipetran/vendor/laravel/framework/src/Illuminate/Pipeline/Pipeline.php(209): Illuminate/Foundation/Http/Middleware/ConvertEmptyStringsToNull->handle(Object(Illuminate/Http/Request), Object(Closure))
#15 C:/Users/LENOVO/Desktop/Wesbite Sipetran/Website_Sipetran/vendor/laravel/framework/src/Illuminate/Foundation/Http/Middleware/TransformsRequest.php(21): Illuminate/Pipeline/Pipeline->Illuminate/Pipeline/{closure}(Object(Illuminate/Http/Request))
#16 C:/Users/LENOVO/Desktop/Wesbite Sipetran/Website_Sipetran/vendor/laravel/framework/src/Illuminate/Foundation/Http/Middleware/TrimStrings.php(51): Illuminate/Foundation/Http/Middleware/TransformsRequest->handle(Object(Illuminate/Http/Request), Object(Closure))
#17 C:/Users/LENOVO/Desktop/Wesbite Sipetran/Website_Sipetran/vendor/laravel/framework/src/Illuminate/Pipeline/Pipeline.php(209): Illuminate/Foundation/Http/Middleware/TrimStrings->handle(Object(Illuminate/Http/Request), Object(Closure))
#18 C:/Users/LENOVO/Desktop/Wesbite Sipetran/Website_Sipetran/vendor/laravel/framework/src/Illuminate/Http/Middleware/ValidatePostSize.php(27): Illuminate/Pipeline/Pipeline->Illuminate/Pipeline/{closure}(Object(Illuminate/Http/Request))
#19 C:/Users/LENOVO/Desktop/Wesbite Sipetran/Website_Sipetran/vendor/laravel/framework/src/Illuminate/Pipeline/Pipeline.php(209): Illuminate/Http/Middleware/ValidatePostSize->handle(Object(Illuminate/Http/Request), Object(Closure))
#20 C:/Users/LENOVO/Desktop/Wesbite Sipetran/Website_Sipetran/vendor/laravel/framework/src/Illuminate/Foundation/Http/Middleware/PreventRequestsDuringMaintenance.php(110): Illuminate/Pipeline/Pipeline->Illuminate/Pipeline/{closure}(Object(Illuminate/Http/Request))
#21 C:/Users/LENOVO/Desktop/Wesbite Sipetran/Website_Sipetran/vendor/laravel/framework/src/Illuminate/Pipeline/Pipeline.php(209): Illuminate/Foundation/Http/Middleware/PreventRequestsDuringMaintenance->handle(Object(Illuminate/Http/Request), Object(Closure))
#22 C:/Users/LENOVO/Desktop/Wesbite Sipetran/Website_Sipetran/vendor/laravel/framework/src/Illuminate/Http/Middleware/HandleCors.php(49): Illuminate/Pipeline/Pipeline->Illuminate/Pipeline/{closure}(Object(Illuminate/Http/Request))
#23 C:/Users/LENOVO/Desktop/Wesbite Sipetran/Website_Sipetran/vendor/laravel/framework/src/Illuminate/Pipeline/Pipeline.php(209): Illuminate/Http/Middleware/HandleCors->handle(Object(Illuminate/Http/Request), Object(Closure))
#24 C:/Users/LENOVO/Desktop/Wesbite Sipetran/Website_Sipetran/vendor/laravel/framework/src/Illuminate/Http/Middleware/TrustProxies.php(58): Illuminate/Pipeline/Pipeline->Illuminate/Pipeline/{closure}(Object(Illuminate/Http/Request))
#25 C:/Users/LENOVO/Desktop/Wesbite Sipetran/Website_Sipetran/vendor/laravel/framework/src/Illuminate/Pipeline/Pipeline.php(209): Illuminate/Http/Middleware/TrustProxies->handle(Object(Illuminate/Http/Request), Object(Closure))
#26 C:/Users/LENOVO/Desktop/Wesbite Sipetran/Website_Sipetran/vendor/laravel/framework/src/Illuminate/Foundation/Http/Middleware/InvokeDeferredCallbacks.php(22): Illuminate/Pipeline/Pipeline->Illuminate/Pipeline/{closure}(Object(Illuminate/Http/Request))
#27 C:/Users/LENOVO/Desktop/Wesbite Sipetran/Website_Sipetran/vendor/laravel/framework/src/Illuminate/Pipeline/Pipeline.php(209): Illuminate/Foundation/Http/Middleware/InvokeDeferredCallbacks->handle(Object(Illuminate/Http/Request), Object(Closure))
#28 C:/Users/LENOVO/Desktop/Wesbite Sipetran/Website_Sipetran/vendor/laravel/framework/src/Illuminate/Pipeline/Pipeline.php(127): Illuminate/Pipeline/Pipeline->Illuminate/Pipeline/{closure}(Object(Illuminate/Http/Request))
#29 C:/Users/LENOVO/Desktop/Wesbite Sipetran/Website_Sipetran/vendor/laravel/framework/src/Illuminate/Foundation/Http/Kernel.php(176): Illuminate/Pipeline/Pipeline->then(Object(Closure))
#30 C:/Users/LENOVO/Desktop/Wesbite Sipetran/Website_Sipetran/vendor/laravel/framework/src/Illuminate/Foundation/Http/Kernel.php(145): Illuminate/Foundation/Http/Kernel->sendRequestThroughRouter(Object(Illuminate/Http/Request))
#31 C:/Users/LENOVO/.gemini/antigravity-ide/brain/bedfb540-a475-4e28-a2b2-0153c0c25cfe/scratch/test_routes.php(14): Illuminate/Foundation/Http/Kernel->handle(Object(Illuminate/Http/Request))
#32 {main}
"} 
[2026-07-29 19:46:36] production.ERROR: Class "App\Http\Controllers\Controller" not found {"exception":"[object] (Error(code: 0): Class \"App\\Http\\Controllers\\Controller\" not found at C:/Users/LENOVO/Desktop/Wesbite Sipetran/Website_Sipetran/app/Http/Controllers/HomeController.php:7)
[stacktrace]
#0 C:/Users/LENOVO/Desktop/Wesbite Sipetran/Website_Sipetran/vendor/composer/ClassLoader.php(576): include()
#1 C:/Users/LENOVO/Desktop/Wesbite Sipetran/Website_Sipetran/vendor/composer/ClassLoader.php(427): Composer/Autoload/{closure}('C://Users//LENOVO...')
#2 [internal function]: Composer/Autoload/ClassLoader->loadClass('App//Http//Contro...')
#3 C:/Users/LENOVO/Desktop/Wesbite Sipetran/Website_Sipetran/vendor/laravel/framework/src/Illuminate/Routing/Route.php(1117): is_a('App//Http//Contro...', 'Illuminate//Rout...', true)
#4 C:/Users/LENOVO/Desktop/Wesbite Sipetran/Website_Sipetran/vendor/laravel/framework/src/Illuminate/Routing/Route.php(1054): Illuminate/Routing/Route->controllerMiddleware()
#5 C:/Users/LENOVO/Desktop/Wesbite Sipetran/Website_Sipetran/vendor/laravel/framework/src/Illuminate/Routing/Router.php(820): Illuminate/Routing/Route->gatherMiddleware()
#6 C:/Users/LENOVO/Desktop/Wesbite Sipetran/Website_Sipetran/vendor/laravel/framework/src/Illuminate/Routing/Router.php(802): Illuminate/Routing/Router->gatherRouteMiddleware(Object(Illuminate/Routing/Route))
#7 C:/Users/LENOVO/Desktop/Wesbite Sipetran/Website_Sipetran/vendor/laravel/framework/src/Illuminate/Routing/Router.php(786): Illuminate/Routing/Router->runRouteWithinStack(Object(Illuminate/Routing/Route), Object(Illuminate/Http/Request))
#8 C:/Users/LENOVO/Desktop/Wesbite Sipetran/Website_Sipetran/vendor/laravel/framework/src/Illuminate/Routing/Router.php(750): Illuminate/Routing/Router->runRoute(Object(Illuminate/Http/Request), Object(Illuminate/Routing/Route))
#9 C:/Users/LENOVO/Desktop/Wesbite Sipetran/Website_Sipetran/vendor/laravel/framework/src/Illuminate/Routing/Router.php(739): Illuminate/Routing/Router->dispatchToRoute(Object(Illuminate/Http/Request))
#10 C:/Users/LENOVO/Desktop/Wesbite Sipetran/Website_Sipetran/vendor/laravel/framework/src/Illuminate/Foundation/Http/Kernel.php(201): Illuminate/Routing/Router->dispatch(Object(Illuminate/Http/Request))
#11 C:/Users/LENOVO/Desktop/Wesbite Sipetran/Website_Sipetran/vendor/laravel/framework/src/Illuminate/Pipeline/Pipeline.php(170): Illuminate/Foundation/Http/Kernel->Illuminate/Foundation/Http/{closure}(Object(Illuminate/Http/Request))
#12 C:/Users/LENOVO/Desktop/Wesbite Sipetran/Website_Sipetran/vendor/laravel/framework/src/Illuminate/Foundation/Http/Middleware/TransformsRequest.php(21): Illuminate/Pipeline/Pipeline->Illuminate/Pipeline/{closure}(Object(Illuminate/Http/Request))
#13 C:/Users/LENOVO/Desktop/Wesbite Sipetran/Website_Sipetran/vendor/laravel/framework/src/Illuminate/Foundation/Http/Middleware/ConvertEmptyStringsToNull.php(31): Illuminate/Foundation/Http/Middleware/TransformsRequest->handle(Object(Illuminate/Http/Request), Object(Closure))
#14 C:/Users/LENOVO/Desktop/Wesbite Sipetran/Website_Sipetran/vendor/laravel/framework/src/Illuminate/Pipeline/Pipeline.php(209): Illuminate/Foundation/Http/Middleware/ConvertEmptyStringsToNull->handle(Object(Illuminate/Http/Request), Object(Closure))
#15 C:/Users/LENOVO/Desktop/Wesbite Sipetran/Website_Sipetran/vendor/laravel/framework/src/Illuminate/Foundation/Http/Middleware/TransformsRequest.php(21): Illuminate/Pipeline/Pipeline->Illuminate/Pipeline/{closure}(Object(Illuminate/Http/Request))
#16 C:/Users/LENOVO/Desktop/Wesbite Sipetran/Website_Sipetran/vendor/laravel/framework/src/Illuminate/Foundation/Http/Middleware/TrimStrings.php(51): Illuminate/Foundation/Http/Middleware/TransformsRequest->handle(Object(Illuminate/Http/Request), Object(Closure))
#17 C:/Users/LENOVO/Desktop/Wesbite Sipetran/Website_Sipetran/vendor/laravel/framework/src/Illuminate/Pipeline/Pipeline.php(209): Illuminate/Foundation/Http/Middleware/TrimStrings->handle(Object(Illuminate/Http/Request), Object(Closure))
#18 C:/Users/LENOVO/Desktop/Wesbite Sipetran/Website_Sipetran/vendor/laravel/framework/src/Illuminate/Http/Middleware/ValidatePostSize.php(27): Illuminate/Pipeline/Pipeline->Illuminate/Pipeline/{closure}(Object(Illuminate/Http/Request))
#19 C:/Users/LENOVO/Desktop/Wesbite Sipetran/Website_Sipetran/vendor/laravel/framework/src/Illuminate/Pipeline/Pipeline.php(209): Illuminate/Http/Middleware/ValidatePostSize->handle(Object(Illuminate/Http/Request), Object(Closure))
#20 C:/Users/LENOVO/Desktop/Wesbite Sipetran/Website_Sipetran/vendor/laravel/framework/src/Illuminate/Foundation/Http/Middleware/PreventRequestsDuringMaintenance.php(110): Illuminate/Pipeline/Pipeline->Illuminate/Pipeline/{closure}(Object(Illuminate/Http/Request))
#21 C:/Users/LENOVO/Desktop/Wesbite Sipetran/Website_Sipetran/vendor/laravel/framework/src/Illuminate/Pipeline/Pipeline.php(209): Illuminate/Foundation/Http/Middleware/PreventRequestsDuringMaintenance->handle(Object(Illuminate/Http/Request), Object(Closure))
#22 C:/Users/LENOVO/Desktop/Wesbite Sipetran/Website_Sipetran/vendor/laravel/framework/src/Illuminate/Http/Middleware/HandleCors.php(49): Illuminate/Pipeline/Pipeline->Illuminate/Pipeline/{closure}(Object(Illuminate/Http/Request))
#23 C:/Users/LENOVO/Desktop/Wesbite Sipetran/Website_Sipetran/vendor/laravel/framework/src/Illuminate/Pipeline/Pipeline.php(209): Illuminate/Http/Middleware/HandleCors->handle(Object(Illuminate/Http/Request), Object(Closure))
#24 C:/Users/LENOVO/Desktop/Wesbite Sipetran/Website_Sipetran/vendor/laravel/framework/src/Illuminate/Http/Middleware/TrustProxies.php(58): Illuminate/Pipeline/Pipeline->Illuminate/Pipeline/{closure}(Object(Illuminate/Http/Request))
#25 C:/Users/LENOVO/Desktop/Wesbite Sipetran/Website_Sipetran/vendor/laravel/framework/src/Illuminate/Pipeline/Pipeline.php(209): Illuminate/Http/Middleware/TrustProxies->handle(Object(Illuminate/Http/Request), Object(Closure))
#26 C:/Users/LENOVO/Desktop/Wesbite Sipetran/Website_Sipetran/vendor/laravel/framework/src/Illuminate/Foundation/Http/Middleware/InvokeDeferredCallbacks.php(22): Illuminate/Pipeline/Pipeline->Illuminate/Pipeline/{closure}(Object(Illuminate/Http/Request))
#27 C:/Users/LENOVO/Desktop/Wesbite Sipetran/Website_Sipetran/vendor/laravel/framework/src/Illuminate/Pipeline/Pipeline.php(209): Illuminate/Foundation/Http/Middleware/InvokeDeferredCallbacks->handle(Object(Illuminate/Http/Request), Object(Closure))
#28 C:/Users/LENOVO/Desktop/Wesbite Sipetran/Website_Sipetran/vendor/laravel/framework/src/Illuminate/Pipeline/Pipeline.php(127): Illuminate/Pipeline/Pipeline->Illuminate/Pipeline/{closure}(Object(Illuminate/Http/Request))
#29 C:/Users/LENOVO/Desktop/Wesbite Sipetran/Website_Sipetran/vendor/laravel/framework/src/Illuminate/Foundation/Http/Kernel.php(176): Illuminate/Pipeline/Pipeline->then(Object(Closure))
#30 C:/Users/LENOVO/Desktop/Wesbite Sipetran/Website_Sipetran/vendor/laravel/framework/src/Illuminate/Foundation/Http/Kernel.php(145): Illuminate/Foundation/Http/Kernel->sendRequestThroughRouter(Object(Illuminate/Http/Request))
#31 C:/Users/LENOVO/.gemini/antigravity-ide/brain/bedfb540-a475-4e28-a2b2-0153c0c25cfe/scratch/test_routes.php(12): Illuminate/Foundation/Http/Kernel->handle(Object(Illuminate/Http/Request))
#32 {main}
"} 
[2026-07-29 19:47:17] production.ERROR: Unsupported cipher or incorrect key length. Supported ciphers are: aes-128-cbc, aes-256-cbc, aes-128-gcm, aes-256-gcm. {"exception":"[object] (RuntimeException(code: 0): Unsupported cipher or incorrect key length. Supported ciphers are: aes-128-cbc, aes-256-cbc, aes-128-gcm, aes-256-gcm. at C:/Users/LENOVO/Desktop/Wesbite Sipetran/Website_Sipetran/vendor/laravel/framework/src/Illuminate/Encryption/Encrypter.php:62)
[stacktrace]
#0 C:/Users/LENOVO/Desktop/Wesbite Sipetran/Website_Sipetran/vendor/laravel/framework/src/Illuminate/Encryption/EncryptionServiceProvider.php(32): Illuminate/Encryption/Encrypter->__construct('/xE1./xB1_/x00/xF9?/xC1/xFF/xEC/xBF$3/xEDo...', 'AES-256-CBC')
#1 C:/Users/LENOVO/Desktop/Wesbite Sipetran/Website_Sipetran/vendor/laravel/framework/src/Illuminate/Container/Container.php(952): Illuminate/Encryption/EncryptionServiceProvider->Illuminate/Encryption/{closure}(Object(Illuminate/Foundation/Application), Array)
#2 C:/Users/LENOVO/Desktop/Wesbite Sipetran/Website_Sipetran/vendor/laravel/framework/src/Illuminate/Container/Container.php(832): Illuminate/Container/Container->build(Object(Closure))
#3 C:/Users/LENOVO/Desktop/Wesbite Sipetran/Website_Sipetran/vendor/laravel/framework/src/Illuminate/Foundation/Application.php(1078): Illuminate/Container/Container->resolve('encrypter', Array, true)
#4 C:/Users/LENOVO/Desktop/Wesbite Sipetran/Website_Sipetran/vendor/laravel/framework/src/Illuminate/Container/Container.php(763): Illuminate/Foundation/Application->resolve('encrypter', Array)
#5 C:/Users/LENOVO/Desktop/Wesbite Sipetran/Website_Sipetran/vendor/laravel/framework/src/Illuminate/Foundation/Application.php(1058): Illuminate/Container/Container->make('encrypter', Array)
#6 C:/Users/LENOVO/Desktop/Wesbite Sipetran/Website_Sipetran/vendor/laravel/framework/src/Illuminate/Container/Container.php(1133): Illuminate/Foundation/Application->make('encrypter')
#7 C:/Users/LENOVO/Desktop/Wesbite Sipetran/Website_Sipetran/vendor/laravel/framework/src/Illuminate/Container/Container.php(1043): Illuminate/Container/Container->resolveClass(Object(ReflectionParameter))
#8 C:/Users/LENOVO/Desktop/Wesbite Sipetran/Website_Sipetran/vendor/laravel/framework/src/Illuminate/Container/Container.php(994): Illuminate/Container/Container->resolveDependencies(Array)
#9 C:/Users/LENOVO/Desktop/Wesbite Sipetran/Website_Sipetran/vendor/laravel/framework/src/Illuminate/Container/Container.php(832): Illuminate/Container/Container->build('Illuminate//Cook...')
#10 C:/Users/LENOVO/Desktop/Wesbite Sipetran/Website_Sipetran/vendor/laravel/framework/src/Illuminate/Foundation/Application.php(1078): Illuminate/Container/Container->resolve('Illuminate//Cook...', Array, true)
#11 C:/Users/LENOVO/Desktop/Wesbite Sipetran/Website_Sipetran/vendor/laravel/framework/src/Illuminate/Container/Container.php(763): Illuminate/Foundation/Application->resolve('Illuminate//Cook...', Array)
#12 C:/Users/LENOVO/Desktop/Wesbite Sipetran/Website_Sipetran/vendor/laravel/framework/src/Illuminate/Foundation/Application.php(1058): Illuminate/Container/Container->make('Illuminate//Cook...', Array)
#13 C:/Users/LENOVO/Desktop/Wesbite Sipetran/Website_Sipetran/vendor/laravel/framework/src/Illuminate/Pipeline/Pipeline.php(198): Illuminate/Foundation/Application->make('Illuminate//Cook...')
#14 C:/Users/LENOVO/Desktop/Wesbite Sipetran/Website_Sipetran/vendor/laravel/framework/src/Illuminate/Pipeline/Pipeline.php(127): Illuminate/Pipeline/Pipeline->Illuminate/Pipeline/{closure}(Object(Illuminate/Http/Request))
#15 C:/Users/LENOVO/Desktop/Wesbite Sipetran/Website_Sipetran/vendor/laravel/framework/src/Illuminate/Routing/Router.php(807): Illuminate/Pipeline/Pipeline->then(Object(Closure))
#16 C:/Users/LENOVO/Desktop/Wesbite Sipetran/Website_Sipetran/vendor/laravel/framework/src/Illuminate/Routing/Router.php(786): Illuminate/Routing/Router->runRouteWithinStack(Object(Illuminate/Routing/Route), Object(Illuminate/Http/Request))
#17 C:/Users/LENOVO/Desktop/Wesbite Sipetran/Website_Sipetran/vendor/laravel/framework/src/Illuminate/Routing/Router.php(750): Illuminate/Routing/Router->runRoute(Object(Illuminate/Http/Request), Object(Illuminate/Routing/Route))
#18 C:/Users/LENOVO/Desktop/Wesbite Sipetran/Website_Sipetran/vendor/laravel/framework/src/Illuminate/Routing/Router.php(739): Illuminate/Routing/Router->dispatchToRoute(Object(Illuminate/Http/Request))
#19 C:/Users/LENOVO/Desktop/Wesbite Sipetran/Website_Sipetran/vendor/laravel/framework/src/Illuminate/Foundation/Http/Kernel.php(201): Illuminate/Routing/Router->dispatch(Object(Illuminate/Http/Request))
#20 C:/Users/LENOVO/Desktop/Wesbite Sipetran/Website_Sipetran/vendor/laravel/framework/src/Illuminate/Pipeline/Pipeline.php(170): Illuminate/Foundation/Http/Kernel->Illuminate/Foundation/Http/{closure}(Object(Illuminate/Http/Request))
#21 C:/Users/LENOVO/Desktop/Wesbite Sipetran/Website_Sipetran/vendor/laravel/framework/src/Illuminate/Foundation/Http/Middleware/TransformsRequest.php(21): Illuminate/Pipeline/Pipeline->Illuminate/Pipeline/{closure}(Object(Illuminate/Http/Request))
#22 C:/Users/LENOVO/Desktop/Wesbite Sipetran/Website_Sipetran/vendor/laravel/framework/src/Illuminate/Foundation/Http/Middleware/ConvertEmptyStringsToNull.php(31): Illuminate/Foundation/Http/Middleware/TransformsRequest->handle(Object(Illuminate/Http/Request), Object(Closure))
#23 C:/Users/LENOVO/Desktop/Wesbite Sipetran/Website_Sipetran/vendor/laravel/framework/src/Illuminate/Pipeline/Pipeline.php(209): Illuminate/Foundation/Http/Middleware/ConvertEmptyStringsToNull->handle(Object(Illuminate/Http/Request), Object(Closure))
#24 C:/Users/LENOVO/Desktop/Wesbite Sipetran/Website_Sipetran/vendor/laravel/framework/src/Illuminate/Foundation/Http/Middleware/TransformsRequest.php(21): Illuminate/Pipeline/Pipeline->Illuminate/Pipeline/{closure}(Object(Illuminate/Http/Request))
#25 C:/Users/LENOVO/Desktop/Wesbite Sipetran/Website_Sipetran/vendor/laravel/framework/src/Illuminate/Foundation/Http/Middleware/TrimStrings.php(51): Illuminate/Foundation/Http/Middleware/TransformsRequest->handle(Object(Illuminate/Http/Request), Object(Closure))
#26 C:/Users/LENOVO/Desktop/Wesbite Sipetran/Website_Sipetran/vendor/laravel/framework/src/Illuminate/Pipeline/Pipeline.php(209): Illuminate/Foundation/Http/Middleware/TrimStrings->handle(Object(Illuminate/Http/Request), Object(Closure))
#27 C:/Users/LENOVO/Desktop/Wesbite Sipetran/Website_Sipetran/vendor/laravel/framework/src/Illuminate/Http/Middleware/ValidatePostSize.php(27): Illuminate/Pipeline/Pipeline->Illuminate/Pipeline/{closure}(Object(Illuminate/Http/Request))
#28 C:/Users/LENOVO/Desktop/Wesbite Sipetran/Website_Sipetran/vendor/laravel/framework/src/Illuminate/Pipeline/Pipeline.php(209): Illuminate/Http/Middleware/ValidatePostSize->handle(Object(Illuminate/Http/Request), Object(Closure))
#29 C:/Users/LENOVO/Desktop/Wesbite Sipetran/Website_Sipetran/vendor/laravel/framework/src/Illuminate/Foundation/Http/Middleware/PreventRequestsDuringMaintenance.php(110): Illuminate/Pipeline/Pipeline->Illuminate/Pipeline/{closure}(Object(Illuminate/Http/Request))
#30 C:/Users/LENOVO/Desktop/Wesbite Sipetran/Website_Sipetran/vendor/laravel/framework/src/Illuminate/Pipeline/Pipeline.php(209): Illuminate/Foundation/Http/Middleware/PreventRequestsDuringMaintenance->handle(Object(Illuminate/Http/Request), Object(Closure))
#31 C:/Users/LENOVO/Desktop/Wesbite Sipetran/Website_Sipetran/vendor/laravel/framework/src/Illuminate/Http/Middleware/HandleCors.php(49): Illuminate/Pipeline/Pipeline->Illuminate/Pipeline/{closure}(Object(Illuminate/Http/Request))
#32 C:/Users/LENOVO/Desktop/Wesbite Sipetran/Website_Sipetran/vendor/laravel/framework/src/Illuminate/Pipeline/Pipeline.php(209): Illuminate/Http/Middleware/HandleCors->handle(Object(Illuminate/Http/Request), Object(Closure))
#33 C:/Users/LENOVO/Desktop/Wesbite Sipetran/Website_Sipetran/vendor/laravel/framework/src/Illuminate/Http/Middleware/TrustProxies.php(58): Illuminate/Pipeline/Pipeline->Illuminate/Pipeline/{closure}(Object(Illuminate/Http/Request))
#34 C:/Users/LENOVO/Desktop/Wesbite Sipetran/Website_Sipetran/vendor/laravel/framework/src/Illuminate/Pipeline/Pipeline.php(209): Illuminate/Http/Middleware/TrustProxies->handle(Object(Illuminate/Http/Request), Object(Closure))
#35 C:/Users/LENOVO/Desktop/Wesbite Sipetran/Website_Sipetran/vendor/laravel/framework/src/Illuminate/Foundation/Http/Middleware/InvokeDeferredCallbacks.php(22): Illuminate/Pipeline/Pipeline->Illuminate/Pipeline/{closure}(Object(Illuminate/Http/Request))
#36 C:/Users/LENOVO/Desktop/Wesbite Sipetran/Website_Sipetran/vendor/laravel/framework/src/Illuminate/Pipeline/Pipeline.php(209): Illuminate/Foundation/Http/Middleware/InvokeDeferredCallbacks->handle(Object(Illuminate/Http/Request), Object(Closure))
#37 C:/Users/LENOVO/Desktop/Wesbite Sipetran/Website_Sipetran/vendor/laravel/framework/src/Illuminate/Pipeline/Pipeline.php(127): Illuminate/Pipeline/Pipeline->Illuminate/Pipeline/{closure}(Object(Illuminate/Http/Request))
#38 C:/Users/LENOVO/Desktop/Wesbite Sipetran/Website_Sipetran/vendor/laravel/framework/src/Illuminate/Foundation/Http/Kernel.php(176): Illuminate/Pipeline/Pipeline->then(Object(Closure))
#39 C:/Users/LENOVO/Desktop/Wesbite Sipetran/Website_Sipetran/vendor/laravel/framework/src/Illuminate/Foundation/Http/Kernel.php(145): Illuminate/Foundation/Http/Kernel->sendRequestThroughRouter(Object(Illuminate/Http/Request))
#40 C:/Users/LENOVO/.gemini/antigravity-ide/brain/bedfb540-a475-4e28-a2b2-0153c0c25cfe/scratch/test_routes.php(12): Illuminate/Foundation/Http/Kernel->handle(Object(Illuminate/Http/Request))
#41 {main}
"} 
[2026-07-29 19:47:44] production.ERROR: Unsupported cipher or incorrect key length. Supported ciphers are: aes-128-cbc, aes-256-cbc, aes-128-gcm, aes-256-gcm. {"exception":"[object] (RuntimeException(code: 0): Unsupported cipher or incorrect key length. Supported ciphers are: aes-128-cbc, aes-256-cbc, aes-128-gcm, aes-256-gcm. at C:/Users/LENOVO/Desktop/Wesbite Sipetran/Website_Sipetran/vendor/laravel/framework/src/Illuminate/Encryption/Encrypter.php:62)
[stacktrace]
#0 C:/Users/LENOVO/Desktop/Wesbite Sipetran/Website_Sipetran/vendor/laravel/framework/src/Illuminate/Encryption/EncryptionServiceProvider.php(32): Illuminate/Encryption/Encrypter->__construct('/xE1./xB1_/x00/xF9?/xC1/xFF/xEC/xBF$3/xEDo...', 'AES-256-CBC')
#1 C:/Users/LENOVO/Desktop/Wesbite Sipetran/Website_Sipetran/vendor/laravel/framework/src/Illuminate/Container/Container.php(952): Illuminate/Encryption/EncryptionServiceProvider->Illuminate/Encryption/{closure}(Object(Illuminate/Foundation/Application), Array)
#2 C:/Users/LENOVO/Desktop/Wesbite Sipetran/Website_Sipetran/vendor/laravel/framework/src/Illuminate/Container/Container.php(832): Illuminate/Container/Container->build(Object(Closure))
#3 C:/Users/LENOVO/Desktop/Wesbite Sipetran/Website_Sipetran/vendor/laravel/framework/src/Illuminate/Foundation/Application.php(1078): Illuminate/Container/Container->resolve('encrypter', Array, true)
#4 C:/Users/LENOVO/Desktop/Wesbite Sipetran/Website_Sipetran/vendor/laravel/framework/src/Illuminate/Container/Container.php(763): Illuminate/Foundation/Application->resolve('encrypter', Array)
#5 C:/Users/LENOVO/Desktop/Wesbite Sipetran/Website_Sipetran/vendor/laravel/framework/src/Illuminate/Foundation/Application.php(1058): Illuminate/Container/Container->make('encrypter', Array)
#6 C:/Users/LENOVO/Desktop/Wesbite Sipetran/Website_Sipetran/vendor/laravel/framework/src/Illuminate/Container/Container.php(1133): Illuminate/Foundation/Application->make('encrypter')
#7 C:/Users/LENOVO/Desktop/Wesbite Sipetran/Website_Sipetran/vendor/laravel/framework/src/Illuminate/Container/Container.php(1043): Illuminate/Container/Container->resolveClass(Object(ReflectionParameter))
#8 C:/Users/LENOVO/Desktop/Wesbite Sipetran/Website_Sipetran/vendor/laravel/framework/src/Illuminate/Container/Container.php(994): Illuminate/Container/Container->resolveDependencies(Array)
#9 C:/Users/LENOVO/Desktop/Wesbite Sipetran/Website_Sipetran/vendor/laravel/framework/src/Illuminate/Container/Container.php(832): Illuminate/Container/Container->build('Illuminate//Cook...')
#10 C:/Users/LENOVO/Desktop/Wesbite Sipetran/Website_Sipetran/vendor/laravel/framework/src/Illuminate/Foundation/Application.php(1078): Illuminate/Container/Container->resolve('Illuminate//Cook...', Array, true)
#11 C:/Users/LENOVO/Desktop/Wesbite Sipetran/Website_Sipetran/vendor/laravel/framework/src/Illuminate/Container/Container.php(763): Illuminate/Foundation/Application->resolve('Illuminate//Cook...', Array)
#12 C:/Users/LENOVO/Desktop/Wesbite Sipetran/Website_Sipetran/vendor/laravel/framework/src/Illuminate/Foundation/Application.php(1058): Illuminate/Container/Container->make('Illuminate//Cook...', Array)
#13 C:/Users/LENOVO/Desktop/Wesbite Sipetran/Website_Sipetran/vendor/laravel/framework/src/Illuminate/Pipeline/Pipeline.php(198): Illuminate/Foundation/Application->make('Illuminate//Cook...')
#14 C:/Users/LENOVO/Desktop/Wesbite Sipetran/Website_Sipetran/vendor/laravel/framework/src/Illuminate/Pipeline/Pipeline.php(127): Illuminate/Pipeline/Pipeline->Illuminate/Pipeline/{closure}(Object(Illuminate/Http/Request))
#15 C:/Users/LENOVO/Desktop/Wesbite Sipetran/Website_Sipetran/vendor/laravel/framework/src/Illuminate/Routing/Router.php(807): Illuminate/Pipeline/Pipeline->then(Object(Closure))
#16 C:/Users/LENOVO/Desktop/Wesbite Sipetran/Website_Sipetran/vendor/laravel/framework/src/Illuminate/Routing/Router.php(786): Illuminate/Routing/Router->runRouteWithinStack(Object(Illuminate/Routing/Route), Object(Illuminate/Http/Request))
#17 C:/Users/LENOVO/Desktop/Wesbite Sipetran/Website_Sipetran/vendor/laravel/framework/src/Illuminate/Routing/Router.php(750): Illuminate/Routing/Router->runRoute(Object(Illuminate/Http/Request), Object(Illuminate/Routing/Route))
#18 C:/Users/LENOVO/Desktop/Wesbite Sipetran/Website_Sipetran/vendor/laravel/framework/src/Illuminate/Routing/Router.php(739): Illuminate/Routing/Router->dispatchToRoute(Object(Illuminate/Http/Request))
#19 C:/Users/LENOVO/Desktop/Wesbite Sipetran/Website_Sipetran/vendor/laravel/framework/src/Illuminate/Foundation/Http/Kernel.php(201): Illuminate/Routing/Router->dispatch(Object(Illuminate/Http/Request))
#20 C:/Users/LENOVO/Desktop/Wesbite Sipetran/Website_Sipetran/vendor/laravel/framework/src/Illuminate/Pipeline/Pipeline.php(170): Illuminate/Foundation/Http/Kernel->Illuminate/Foundation/Http/{closure}(Object(Illuminate/Http/Request))
#21 C:/Users/LENOVO/Desktop/Wesbite Sipetran/Website_Sipetran/vendor/laravel/framework/src/Illuminate/Foundation/Http/Middleware/TransformsRequest.php(21): Illuminate/Pipeline/Pipeline->Illuminate/Pipeline/{closure}(Object(Illuminate/Http/Request))
#22 C:/Users/LENOVO/Desktop/Wesbite Sipetran/Website_Sipetran/vendor/laravel/framework/src/Illuminate/Foundation/Http/Middleware/ConvertEmptyStringsToNull.php(31): Illuminate/Foundation/Http/Middleware/TransformsRequest->handle(Object(Illuminate/Http/Request), Object(Closure))
#23 C:/Users/LENOVO/Desktop/Wesbite Sipetran/Website_Sipetran/vendor/laravel/framework/src/Illuminate/Pipeline/Pipeline.php(209): Illuminate/Foundation/Http/Middleware/ConvertEmptyStringsToNull->handle(Object(Illuminate/Http/Request), Object(Closure))
#24 C:/Users/LENOVO/Desktop/Wesbite Sipetran/Website_Sipetran/vendor/laravel/framework/src/Illuminate/Foundation/Http/Middleware/TransformsRequest.php(21): Illuminate/Pipeline/Pipeline->Illuminate/Pipeline/{closure}(Object(Illuminate/Http/Request))
#25 C:/Users/LENOVO/Desktop/Wesbite Sipetran/Website_Sipetran/vendor/laravel/framework/src/Illuminate/Foundation/Http/Middleware/TrimStrings.php(51): Illuminate/Foundation/Http/Middleware/TransformsRequest->handle(Object(Illuminate/Http/Request), Object(Closure))
#26 C:/Users/LENOVO/Desktop/Wesbite Sipetran/Website_Sipetran/vendor/laravel/framework/src/Illuminate/Pipeline/Pipeline.php(209): Illuminate/Foundation/Http/Middleware/TrimStrings->handle(Object(Illuminate/Http/Request), Object(Closure))
#27 C:/Users/LENOVO/Desktop/Wesbite Sipetran/Website_Sipetran/vendor/laravel/framework/src/Illuminate/Http/Middleware/ValidatePostSize.php(27): Illuminate/Pipeline/Pipeline->Illuminate/Pipeline/{closure}(Object(Illuminate/Http/Request))
#28 C:/Users/LENOVO/Desktop/Wesbite Sipetran/Website_Sipetran/vendor/laravel/framework/src/Illuminate/Pipeline/Pipeline.php(209): Illuminate/Http/Middleware/ValidatePostSize->handle(Object(Illuminate/Http/Request), Object(Closure))
#29 C:/Users/LENOVO/Desktop/Wesbite Sipetran/Website_Sipetran/vendor/laravel/framework/src/Illuminate/Foundation/Http/Middleware/PreventRequestsDuringMaintenance.php(110): Illuminate/Pipeline/Pipeline->Illuminate/Pipeline/{closure}(Object(Illuminate/Http/Request))
#30 C:/Users/LENOVO/Desktop/Wesbite Sipetran/Website_Sipetran/vendor/laravel/framework/src/Illuminate/Pipeline/Pipeline.php(209): Illuminate/Foundation/Http/Middleware/PreventRequestsDuringMaintenance->handle(Object(Illuminate/Http/Request), Object(Closure))
#31 C:/Users/LENOVO/Desktop/Wesbite Sipetran/Website_Sipetran/vendor/laravel/framework/src/Illuminate/Http/Middleware/HandleCors.php(49): Illuminate/Pipeline/Pipeline->Illuminate/Pipeline/{closure}(Object(Illuminate/Http/Request))
#32 C:/Users/LENOVO/Desktop/Wesbite Sipetran/Website_Sipetran/vendor/laravel/framework/src/Illuminate/Pipeline/Pipeline.php(209): Illuminate/Http/Middleware/HandleCors->handle(Object(Illuminate/Http/Request), Object(Closure))
#33 C:/Users/LENOVO/Desktop/Wesbite Sipetran/Website_Sipetran/vendor/laravel/framework/src/Illuminate/Http/Middleware/TrustProxies.php(58): Illuminate/Pipeline/Pipeline->Illuminate/Pipeline/{closure}(Object(Illuminate/Http/Request))
#34 C:/Users/LENOVO/Desktop/Wesbite Sipetran/Website_Sipetran/vendor/laravel/framework/src/Illuminate/Pipeline/Pipeline.php(209): Illuminate/Http/Middleware/TrustProxies->handle(Object(Illuminate/Http/Request), Object(Closure))
#35 C:/Users/LENOVO/Desktop/Wesbite Sipetran/Website_Sipetran/vendor/laravel/framework/src/Illuminate/Foundation/Http/Middleware/InvokeDeferredCallbacks.php(22): Illuminate/Pipeline/Pipeline->Illuminate/Pipeline/{closure}(Object(Illuminate/Http/Request))
#36 C:/Users/LENOVO/Desktop/Wesbite Sipetran/Website_Sipetran/vendor/laravel/framework/src/Illuminate/Pipeline/Pipeline.php(209): Illuminate/Foundation/Http/Middleware/InvokeDeferredCallbacks->handle(Object(Illuminate/Http/Request), Object(Closure))
#37 C:/Users/LENOVO/Desktop/Wesbite Sipetran/Website_Sipetran/vendor/laravel/framework/src/Illuminate/Pipeline/Pipeline.php(127): Illuminate/Pipeline/Pipeline->Illuminate/Pipeline/{closure}(Object(Illuminate/Http/Request))
#38 C:/Users/LENOVO/Desktop/Wesbite Sipetran/Website_Sipetran/vendor/laravel/framework/src/Illuminate/Foundation/Http/Kernel.php(176): Illuminate/Pipeline/Pipeline->then(Object(Closure))
#39 C:/Users/LENOVO/Desktop/Wesbite Sipetran/Website_Sipetran/vendor/laravel/framework/src/Illuminate/Foundation/Http/Kernel.php(145): Illuminate/Foundation/Http/Kernel->sendRequestThroughRouter(Object(Illuminate/Http/Request))
#40 C:/Users/LENOVO/.gemini/antigravity-ide/brain/bedfb540-a475-4e28-a2b2-0153c0c25cfe/scratch/test_routes.php(12): Illuminate/Foundation/Http/Kernel->handle(Object(Illuminate/Http/Request))
#41 {main}
"} 
[2026-07-29 19:48:33] production.ERROR: Database file at path [C:\Users\LENOVO\Desktop\Wesbite Sipetran\Website_Sipetran\database\database.sqlite] does not exist. Ensure this is an absolute path to the database. (Connection: sqlite, SQL: select * from "sessions" where "id" = NydjL7PzhjXwjW7NvJtqBx0hWWoMczjIrSGjX4yh limit 1) {"exception":"[object] (Illuminate\\Database\\QueryException(code: 0): Database file at path [C:\\Users\\LENOVO\\Desktop\\Wesbite Sipetran\\Website_Sipetran\\database\\database.sqlite] does not exist. Ensure this is an absolute path to the database. (Connection: sqlite, SQL: select * from \"sessions\" where \"id\" = NydjL7PzhjXwjW7NvJtqBx0hWWoMczjIrSGjX4yh limit 1) at C:/Users/LENOVO/Desktop/Wesbite Sipetran/Website_Sipetran/vendor/laravel/framework/src/Illuminate/Database/Connection.php:825)
[stacktrace]
#0 C:/Users/LENOVO/Desktop/Wesbite Sipetran/Website_Sipetran/vendor/laravel/framework/src/Illuminate/Database/Connection.php(779): Illuminate/Database/Connection->runQueryCallback('select * from \"...', Array, Object(Closure))
#1 C:/Users/LENOVO/Desktop/Wesbite Sipetran/Website_Sipetran/vendor/laravel/framework/src/Illuminate/Database/Connection.php(398): Illuminate/Database/Connection->run('select * from \"...', Array, Object(Closure))
#2 C:/Users/LENOVO/Desktop/Wesbite Sipetran/Website_Sipetran/vendor/laravel/framework/src/Illuminate/Database/Query/Builder.php(3106): Illuminate/Database/Connection->select('select * from \"...', Array, false)
#3 C:/Users/LENOVO/Desktop/Wesbite Sipetran/Website_Sipetran/vendor/laravel/framework/src/Illuminate/Database/Query/Builder.php(3091): Illuminate/Database/Query/Builder->runSelect()
#4 C:/Users/LENOVO/Desktop/Wesbite Sipetran/Website_Sipetran/vendor/laravel/framework/src/Illuminate/Database/Query/Builder.php(3676): Illuminate/Database/Query/Builder->Illuminate/Database/Query/{closure}()
#5 C:/Users/LENOVO/Desktop/Wesbite Sipetran/Website_Sipetran/vendor/laravel/framework/src/Illuminate/Database/Query/Builder.php(3090): Illuminate/Database/Query/Builder->onceWithColumns(Array, Object(Closure))
#6 C:/Users/LENOVO/Desktop/Wesbite Sipetran/Website_Sipetran/vendor/laravel/framework/src/Illuminate/Database/Concerns/BuildsQueries.php(343): Illuminate/Database/Query/Builder->get(Array)
#7 C:/Users/LENOVO/Desktop/Wesbite Sipetran/Website_Sipetran/vendor/laravel/framework/src/Illuminate/Database/Query/Builder.php(3013): Illuminate/Database/Query/Builder->first(Array)
#8 C:/Users/LENOVO/Desktop/Wesbite Sipetran/Website_Sipetran/vendor/laravel/framework/src/Illuminate/Session/DatabaseSessionHandler.php(97): Illuminate/Database/Query/Builder->find('NydjL7PzhjXwjW7...')
#9 C:/Users/LENOVO/Desktop/Wesbite Sipetran/Website_Sipetran/vendor/laravel/framework/src/Illuminate/Session/Store.php(117): Illuminate/Session/DatabaseSessionHandler->read('NydjL7PzhjXwjW7...')
#10 C:/Users/LENOVO/Desktop/Wesbite Sipetran/Website_Sipetran/vendor/laravel/framework/src/Illuminate/Session/Store.php(105): Illuminate/Session/Store->readFromHandler()
#11 C:/Users/LENOVO/Desktop/Wesbite Sipetran/Website_Sipetran/vendor/laravel/framework/src/Illuminate/Session/Store.php(89): Illuminate/Session/Store->loadSession()
#12 C:/Users/LENOVO/Desktop/Wesbite Sipetran/Website_Sipetran/vendor/laravel/framework/src/Illuminate/Session/Middleware/StartSession.php(147): Illuminate/Session/Store->start()
#13 C:/Users/LENOVO/Desktop/Wesbite Sipetran/Website_Sipetran/vendor/laravel/framework/src/Illuminate/Support/helpers.php(399): Illuminate/Session/Middleware/StartSession->Illuminate/Session/Middleware/{closure}(Object(Illuminate/Session/Store))
#14 C:/Users/LENOVO/Desktop/Wesbite Sipetran/Website_Sipetran/vendor/laravel/framework/src/Illuminate/Session/Middleware/StartSession.php(144): tap(Object(Illuminate/Session/Store), Object(Closure))
#15 C:/Users/LENOVO/Desktop/Wesbite Sipetran/Website_Sipetran/vendor/laravel/framework/src/Illuminate/Session/Middleware/StartSession.php(116): Illuminate/Session/Middleware/StartSession->startSession(Object(Illuminate/Http/Request), Object(Illuminate/Session/Store))
#16 C:/Users/LENOVO/Desktop/Wesbite Sipetran/Website_Sipetran/vendor/laravel/framework/src/Illuminate/Session/Middleware/StartSession.php(64): Illuminate/Session/Middleware/StartSession->handleStatefulRequest(Object(Illuminate/Http/Request), Object(Illuminate/Session/Store), Object(Closure))
#17 C:/Users/LENOVO/Desktop/Wesbite Sipetran/Website_Sipetran/vendor/laravel/framework/src/Illuminate/Pipeline/Pipeline.php(209): Illuminate/Session/Middleware/StartSession->handle(Object(Illuminate/Http/Request), Object(Closure))
#18 C:/Users/LENOVO/Desktop/Wesbite Sipetran/Website_Sipetran/vendor/laravel/framework/src/Illuminate/Cookie/Middleware/AddQueuedCookiesToResponse.php(37): Illuminate/Pipeline/Pipeline->Illuminate/Pipeline/{closure}(Object(Illuminate/Http/Request))
#19 C:/Users/LENOVO/Desktop/Wesbite Sipetran/Website_Sipetran/vendor/laravel/framework/src/Illuminate/Pipeline/Pipeline.php(209): Illuminate/Cookie/Middleware/AddQueuedCookiesToResponse->handle(Object(Illuminate/Http/Request), Object(Closure))
#20 C:/Users/LENOVO/Desktop/Wesbite Sipetran/Website_Sipetran/vendor/laravel/framework/src/Illuminate/Cookie/Middleware/EncryptCookies.php(75): Illuminate/Pipeline/Pipeline->Illuminate/Pipeline/{closure}(Object(Illuminate/Http/Request))
#21 C:/Users/LENOVO/Desktop/Wesbite Sipetran/Website_Sipetran/vendor/laravel/framework/src/Illuminate/Pipeline/Pipeline.php(209): Illuminate/Cookie/Middleware/EncryptCookies->handle(Object(Illuminate/Http/Request), Object(Closure))
#22 C:/Users/LENOVO/Desktop/Wesbite Sipetran/Website_Sipetran/vendor/laravel/framework/src/Illuminate/Pipeline/Pipeline.php(127): Illuminate/Pipeline/Pipeline->Illuminate/Pipeline/{closure}(Object(Illuminate/Http/Request))
#23 C:/Users/LENOVO/Desktop/Wesbite Sipetran/Website_Sipetran/vendor/laravel/framework/src/Illuminate/Routing/Router.php(807): Illuminate/Pipeline/Pipeline->then(Object(Closure))
#24 C:/Users/LENOVO/Desktop/Wesbite Sipetran/Website_Sipetran/vendor/laravel/framework/src/Illuminate/Routing/Router.php(786): Illuminate/Routing/Router->runRouteWithinStack(Object(Illuminate/Routing/Route), Object(Illuminate/Http/Request))
#25 C:/Users/LENOVO/Desktop/Wesbite Sipetran/Website_Sipetran/vendor/laravel/framework/src/Illuminate/Routing/Router.php(750): Illuminate/Routing/Router->runRoute(Object(Illuminate/Http/Request), Object(Illuminate/Routing/Route))
#26 C:/Users/LENOVO/Desktop/Wesbite Sipetran/Website_Sipetran/vendor/laravel/framework/src/Illuminate/Routing/Router.php(739): Illuminate/Routing/Router->dispatchToRoute(Object(Illuminate/Http/Request))
#27 C:/Users/LENOVO/Desktop/Wesbite Sipetran/Website_Sipetran/vendor/laravel/framework/src/Illuminate/Foundation/Http/Kernel.php(201): Illuminate/Routing/Router->dispatch(Object(Illuminate/Http/Request))
#28 C:/Users/LENOVO/Desktop/Wesbite Sipetran/Website_Sipetran/vendor/laravel/framework/src/Illuminate/Pipeline/Pipeline.php(170): Illuminate/Foundation/Http/Kernel->Illuminate/Foundation/Http/{closure}(Object(Illuminate/Http/Request))
#29 C:/Users/LENOVO/Desktop/Wesbite Sipetran/Website_Sipetran/vendor/laravel/framework/src/Illuminate/Foundation/Http/Middleware/TransformsRequest.php(21): Illuminate/Pipeline/Pipeline->Illuminate/Pipeline/{closure}(Object(Illuminate/Http/Request))
#30 C:/Users/LENOVO/Desktop/Wesbite Sipetran/Website_Sipetran/vendor/laravel/framework/src/Illuminate/Foundation/Http/Middleware/ConvertEmptyStringsToNull.php(31): Illuminate/Foundation/Http/Middleware/TransformsRequest->handle(Object(Illuminate/Http/Request), Object(Closure))
#31 C:/Users/LENOVO/Desktop/Wesbite Sipetran/Website_Sipetran/vendor/laravel/framework/src/Illuminate/Pipeline/Pipeline.php(209): Illuminate/Foundation/Http/Middleware/ConvertEmptyStringsToNull->handle(Object(Illuminate/Http/Request), Object(Closure))
#32 C:/Users/LENOVO/Desktop/Wesbite Sipetran/Website_Sipetran/vendor/laravel/framework/src/Illuminate/Foundation/Http/Middleware/TransformsRequest.php(21): Illuminate/Pipeline/Pipeline->Illuminate/Pipeline/{closure}(Object(Illuminate/Http/Request))
#33 C:/Users/LENOVO/Desktop/Wesbite Sipetran/Website_Sipetran/vendor/laravel/framework/src/Illuminate/Foundation/Http/Middleware/TrimStrings.php(51): Illuminate/Foundation/Http/Middleware/TransformsRequest->handle(Object(Illuminate/Http/Request), Object(Closure))
#34 C:/Users/LENOVO/Desktop/Wesbite Sipetran/Website_Sipetran/vendor/laravel/framework/src/Illuminate/Pipeline/Pipeline.php(209): Illuminate/Foundation/Http/Middleware/TrimStrings->handle(Object(Illuminate/Http/Request), Object(Closure))
#35 C:/Users/LENOVO/Desktop/Wesbite Sipetran/Website_Sipetran/vendor/laravel/framework/src/Illuminate/Http/Middleware/ValidatePostSize.php(27): Illuminate/Pipeline/Pipeline->Illuminate/Pipeline/{closure}(Object(Illuminate/Http/Request))
#36 C:/Users/LENOVO/Desktop/Wesbite Sipetran/Website_Sipetran/vendor/laravel/framework/src/Illuminate/Pipeline/Pipeline.php(209): Illuminate/Http/Middleware/ValidatePostSize->handle(Object(Illuminate/Http/Request), Object(Closure))
#37 C:/Users/LENOVO/Desktop/Wesbite Sipetran/Website_Sipetran/vendor/laravel/framework/src/Illuminate/Foundation/Http/Middleware/PreventRequestsDuringMaintenance.php(110): Illuminate/Pipeline/Pipeline->Illuminate/Pipeline/{closure}(Object(Illuminate/Http/Request))
#38 C:/Users/LENOVO/Desktop/Wesbite Sipetran/Website_Sipetran/vendor/laravel/framework/src/Illuminate/Pipeline/Pipeline.php(209): Illuminate/Foundation/Http/Middleware/PreventRequestsDuringMaintenance->handle(Object(Illuminate/Http/Request), Object(Closure))
#39 C:/Users/LENOVO/Desktop/Wesbite Sipetran/Website_Sipetran/vendor/laravel/framework/src/Illuminate/Http/Middleware/HandleCors.php(49): Illuminate/Pipeline/Pipeline->Illuminate/Pipeline/{closure}(Object(Illuminate/Http/Request))
#40 C:/Users/LENOVO/Desktop/Wesbite Sipetran/Website_Sipetran/vendor/laravel/framework/src/Illuminate/Pipeline/Pipeline.php(209): Illuminate/Http/Middleware/HandleCors->handle(Object(Illuminate/Http/Request), Object(Closure))
#41 C:/Users/LENOVO/Desktop/Wesbite Sipetran/Website_Sipetran/vendor/laravel/framework/src/Illuminate/Http/Middleware/TrustProxies.php(58): Illuminate/Pipeline/Pipeline->Illuminate/Pipeline/{closure}(Object(Illuminate/Http/Request))
#42 C:/Users/LENOVO/Desktop/Wesbite Sipetran/Website_Sipetran/vendor/laravel/framework/src/Illuminate/Pipeline/Pipeline.php(209): Illuminate/Http/Middleware/TrustProxies->handle(Object(Illuminate/Http/Request), Object(Closure))
#43 C:/Users/LENOVO/Desktop/Wesbite Sipetran/Website_Sipetran/vendor/laravel/framework/src/Illuminate/Foundation/Http/Middleware/InvokeDeferredCallbacks.php(22): Illuminate/Pipeline/Pipeline->Illuminate/Pipeline/{closure}(Object(Illuminate/Http/Request))
#44 C:/Users/LENOVO/Desktop/Wesbite Sipetran/Website_Sipetran/vendor/laravel/framework/src/Illuminate/Pipeline/Pipeline.php(209): Illuminate/Foundation/Http/Middleware/InvokeDeferredCallbacks->handle(Object(Illuminate/Http/Request), Object(Closure))
#45 C:/Users/LENOVO/Desktop/Wesbite Sipetran/Website_Sipetran/vendor/laravel/framework/src/Illuminate/Pipeline/Pipeline.php(127): Illuminate/Pipeline/Pipeline->Illuminate/Pipeline/{closure}(Object(Illuminate/Http/Request))
#46 C:/Users/LENOVO/Desktop/Wesbite Sipetran/Website_Sipetran/vendor/laravel/framework/src/Illuminate/Foundation/Http/Kernel.php(176): Illuminate/Pipeline/Pipeline->then(Object(Closure))
#47 C:/Users/LENOVO/Desktop/Wesbite Sipetran/Website_Sipetran/vendor/laravel/framework/src/Illuminate/Foundation/Http/Kernel.php(145): Illuminate/Foundation/Http/Kernel->sendRequestThroughRouter(Object(Illuminate/Http/Request))
#48 C:/Users/LENOVO/.gemini/antigravity-ide/brain/bedfb540-a475-4e28-a2b2-0153c0c25cfe/scratch/test_routes.php(12): Illuminate/Foundation/Http/Kernel->handle(Object(Illuminate/Http/Request))
#49 {main}

[previous exception] [object] (Illuminate\\Database\\SQLiteDatabaseDoesNotExistException(code: 0): Database file at path [C:\\Users\\LENOVO\\Desktop\\Wesbite Sipetran\\Website_Sipetran\\database\\database.sqlite] does not exist. Ensure this is an absolute path to the database. at C:/Users/LENOVO/Desktop/Wesbite Sipetran/Website_Sipetran/vendor/laravel/framework/src/Illuminate/Database/Connectors/SQLiteConnector.php:37)
[stacktrace]
#0 C:/Users/LENOVO/Desktop/Wesbite Sipetran/Website_Sipetran/vendor/laravel/framework/src/Illuminate/Database/Connectors/ConnectionFactory.php(224): Illuminate/Database/Connectors/SQLiteConnector->connect(Array)
#1 [internal function]: Illuminate/Database/Connectors/ConnectionFactory->Illuminate/Database/Connectors/{closure}()
#2 C:/Users/LENOVO/Desktop/Wesbite Sipetran/Website_Sipetran/vendor/laravel/framework/src/Illuminate/Database/Connection.php(1231): call_user_func(Object(Closure))
#3 C:/Users/LENOVO/Desktop/Wesbite Sipetran/Website_Sipetran/vendor/laravel/framework/src/Illuminate/Database/Connection.php(512): Illuminate/Database/Connection->getPdo()
#4 C:/Users/LENOVO/Desktop/Wesbite Sipetran/Website_Sipetran/vendor/laravel/framework/src/Illuminate/Database/Connection.php(407): Illuminate/Database/Connection->getPdoForSelect(false)
#5 C:/Users/LENOVO/Desktop/Wesbite Sipetran/Website_Sipetran/vendor/laravel/framework/src/Illuminate/Database/Connection.php(812): Illuminate/Database/Connection->Illuminate/Database/{closure}('select * from \"...', Array)
#6 C:/Users/LENOVO/Desktop/Wesbite Sipetran/Website_Sipetran/vendor/laravel/framework/src/Illuminate/Database/Connection.php(779): Illuminate/Database/Connection->runQueryCallback('select * from \"...', Array, Object(Closure))
#7 C:/Users/LENOVO/Desktop/Wesbite Sipetran/Website_Sipetran/vendor/laravel/framework/src/Illuminate/Database/Connection.php(398): Illuminate/Database/Connection->run('select * from \"...', Array, Object(Closure))
#8 C:/Users/LENOVO/Desktop/Wesbite Sipetran/Website_Sipetran/vendor/laravel/framework/src/Illuminate/Database/Query/Builder.php(3106): Illuminate/Database/Connection->select('select * from \"...', Array, false)
#9 C:/Users/LENOVO/Desktop/Wesbite Sipetran/Website_Sipetran/vendor/laravel/framework/src/Illuminate/Database/Query/Builder.php(3091): Illuminate/Database/Query/Builder->runSelect()
#10 C:/Users/LENOVO/Desktop/Wesbite Sipetran/Website_Sipetran/vendor/laravel/framework/src/Illuminate/Database/Query/Builder.php(3676): Illuminate/Database/Query/Builder->Illuminate/Database/Query/{closure}()
#11 C:/Users/LENOVO/Desktop/Wesbite Sipetran/Website_Sipetran/vendor/laravel/framework/src/Illuminate/Database/Query/Builder.php(3090): Illuminate/Database/Query/Builder->onceWithColumns(Array, Object(Closure))
#12 C:/Users/LENOVO/Desktop/Wesbite Sipetran/Website_Sipetran/vendor/laravel/framework/src/Illuminate/Database/Concerns/BuildsQueries.php(343): Illuminate/Database/Query/Builder->get(Array)
#13 C:/Users/LENOVO/Desktop/Wesbite Sipetran/Website_Sipetran/vendor/laravel/framework/src/Illuminate/Database/Query/Builder.php(3013): Illuminate/Database/Query/Builder->first(Array)
#14 C:/Users/LENOVO/Desktop/Wesbite Sipetran/Website_Sipetran/vendor/laravel/framework/src/Illuminate/Session/DatabaseSessionHandler.php(97): Illuminate/Database/Query/Builder->find('NydjL7PzhjXwjW7...')
#15 C:/Users/LENOVO/Desktop/Wesbite Sipetran/Website_Sipetran/vendor/laravel/framework/src/Illuminate/Session/Store.php(117): Illuminate/Session/DatabaseSessionHandler->read('NydjL7PzhjXwjW7...')
#16 C:/Users/LENOVO/Desktop/Wesbite Sipetran/Website_Sipetran/vendor/laravel/framework/src/Illuminate/Session/Store.php(105): Illuminate/Session/Store->readFromHandler()
#17 C:/Users/LENOVO/Desktop/Wesbite Sipetran/Website_Sipetran/vendor/laravel/framework/src/Illuminate/Session/Store.php(89): Illuminate/Session/Store->loadSession()
#18 C:/Users/LENOVO/Desktop/Wesbite Sipetran/Website_Sipetran/vendor/laravel/framework/src/Illuminate/Session/Middleware/StartSession.php(147): Illuminate/Session/Store->start()
#19 C:/Users/LENOVO/Desktop/Wesbite Sipetran/Website_Sipetran/vendor/laravel/framework/src/Illuminate/Support/helpers.php(399): Illuminate/Session/Middleware/StartSession->Illuminate/Session/Middleware/{closure}(Object(Illuminate/Session/Store))
#20 C:/Users/LENOVO/Desktop/Wesbite Sipetran/Website_Sipetran/vendor/laravel/framework/src/Illuminate/Session/Middleware/StartSession.php(144): tap(Object(Illuminate/Session/Store), Object(Closure))
#21 C:/Users/LENOVO/Desktop/Wesbite Sipetran/Website_Sipetran/vendor/laravel/framework/src/Illuminate/Session/Middleware/StartSession.php(116): Illuminate/Session/Middleware/StartSession->startSession(Object(Illuminate/Http/Request), Object(Illuminate/Session/Store))
#22 C:/Users/LENOVO/Desktop/Wesbite Sipetran/Website_Sipetran/vendor/laravel/framework/src/Illuminate/Session/Middleware/StartSession.php(64): Illuminate/Session/Middleware/StartSession->handleStatefulRequest(Object(Illuminate/Http/Request), Object(Illuminate/Session/Store), Object(Closure))
#23 C:/Users/LENOVO/Desktop/Wesbite Sipetran/Website_Sipetran/vendor/laravel/framework/src/Illuminate/Pipeline/Pipeline.php(209): Illuminate/Session/Middleware/StartSession->handle(Object(Illuminate/Http/Request), Object(Closure))
#24 C:/Users/LENOVO/Desktop/Wesbite Sipetran/Website_Sipetran/vendor/laravel/framework/src/Illuminate/Cookie/Middleware/AddQueuedCookiesToResponse.php(37): Illuminate/Pipeline/Pipeline->Illuminate/Pipeline/{closure}(Object(Illuminate/Http/Request))
#25 C:/Users/LENOVO/Desktop/Wesbite Sipetran/Website_Sipetran/vendor/laravel/framework/src/Illuminate/Pipeline/Pipeline.php(209): Illuminate/Cookie/Middleware/AddQueuedCookiesToResponse->handle(Object(Illuminate/Http/Request), Object(Closure))
#26 C:/Users/LENOVO/Desktop/Wesbite Sipetran/Website_Sipetran/vendor/laravel/framework/src/Illuminate/Cookie/Middleware/EncryptCookies.php(75): Illuminate/Pipeline/Pipeline->Illuminate/Pipeline/{closure}(Object(Illuminate/Http/Request))
#27 C:/Users/LENOVO/Desktop/Wesbite Sipetran/Website_Sipetran/vendor/laravel/framework/src/Illuminate/Pipeline/Pipeline.php(209): Illuminate/Cookie/Middleware/EncryptCookies->handle(Object(Illuminate/Http/Request), Object(Closure))
#28 C:/Users/LENOVO/Desktop/Wesbite Sipetran/Website_Sipetran/vendor/laravel/framework/src/Illuminate/Pipeline/Pipeline.php(127): Illuminate/Pipeline/Pipeline->Illuminate/Pipeline/{closure}(Object(Illuminate/Http/Request))
#29 C:/Users/LENOVO/Desktop/Wesbite Sipetran/Website_Sipetran/vendor/laravel/framework/src/Illuminate/Routing/Router.php(807): Illuminate/Pipeline/Pipeline->then(Object(Closure))
#30 C:/Users/LENOVO/Desktop/Wesbite Sipetran/Website_Sipetran/vendor/laravel/framework/src/Illuminate/Routing/Router.php(786): Illuminate/Routing/Router->runRouteWithinStack(Object(Illuminate/Routing/Route), Object(Illuminate/Http/Request))
#31 C:/Users/LENOVO/Desktop/Wesbite Sipetran/Website_Sipetran/vendor/laravel/framework/src/Illuminate/Routing/Router.php(750): Illuminate/Routing/Router->runRoute(Object(Illuminate/Http/Request), Object(Illuminate/Routing/Route))
#32 C:/Users/LENOVO/Desktop/Wesbite Sipetran/Website_Sipetran/vendor/laravel/framework/src/Illuminate/Routing/Router.php(739): Illuminate/Routing/Router->dispatchToRoute(Object(Illuminate/Http/Request))
#33 C:/Users/LENOVO/Desktop/Wesbite Sipetran/Website_Sipetran/vendor/laravel/framework/src/Illuminate/Foundation/Http/Kernel.php(201): Illuminate/Routing/Router->dispatch(Object(Illuminate/Http/Request))
#34 C:/Users/LENOVO/Desktop/Wesbite Sipetran/Website_Sipetran/vendor/laravel/framework/src/Illuminate/Pipeline/Pipeline.php(170): Illuminate/Foundation/Http/Kernel->Illuminate/Foundation/Http/{closure}(Object(Illuminate/Http/Request))
#35 C:/Users/LENOVO/Desktop/Wesbite Sipetran/Website_Sipetran/vendor/laravel/framework/src/Illuminate/Foundation/Http/Middleware/TransformsRequest.php(21): Illuminate/Pipeline/Pipeline->Illuminate/Pipeline/{closure}(Object(Illuminate/Http/Request))
#36 C:/Users/LENOVO/Desktop/Wesbite Sipetran/Website_Sipetran/vendor/laravel/framework/src/Illuminate/Foundation/Http/Middleware/ConvertEmptyStringsToNull.php(31): Illuminate/Foundation/Http/Middleware/TransformsRequest->handle(Object(Illuminate/Http/Request), Object(Closure))
#37 C:/Users/LENOVO/Desktop/Wesbite Sipetran/Website_Sipetran/vendor/laravel/framework/src/Illuminate/Pipeline/Pipeline.php(209): Illuminate/Foundation/Http/Middleware/ConvertEmptyStringsToNull->handle(Object(Illuminate/Http/Request), Object(Closure))
#38 C:/Users/LENOVO/Desktop/Wesbite Sipetran/Website_Sipetran/vendor/laravel/framework/src/Illuminate/Foundation/Http/Middleware/TransformsRequest.php(21): Illuminate/Pipeline/Pipeline->Illuminate/Pipeline/{closure}(Object(Illuminate/Http/Request))
#39 C:/Users/LENOVO/Desktop/Wesbite Sipetran/Website_Sipetran/vendor/laravel/framework/src/Illuminate/Foundation/Http/Middleware/TrimStrings.php(51): Illuminate/Foundation/Http/Middleware/TransformsRequest->handle(Object(Illuminate/Http/Request), Object(Closure))
#40 C:/Users/LENOVO/Desktop/Wesbite Sipetran/Website_Sipetran/vendor/laravel/framework/src/Illuminate/Pipeline/Pipeline.php(209): Illuminate/Foundation/Http/Middleware/TrimStrings->handle(Object(Illuminate/Http/Request), Object(Closure))
#41 C:/Users/LENOVO/Desktop/Wesbite Sipetran/Website_Sipetran/vendor/laravel/framework/src/Illuminate/Http/Middleware/ValidatePostSize.php(27): Illuminate/Pipeline/Pipeline->Illuminate/Pipeline/{closure}(Object(Illuminate/Http/Request))
#42 C:/Users/LENOVO/Desktop/Wesbite Sipetran/Website_Sipetran/vendor/laravel/framework/src/Illuminate/Pipeline/Pipeline.php(209): Illuminate/Http/Middleware/ValidatePostSize->handle(Object(Illuminate/Http/Request), Object(Closure))
#43 C:/Users/LENOVO/Desktop/Wesbite Sipetran/Website_Sipetran/vendor/laravel/framework/src/Illuminate/Foundation/Http/Middleware/PreventRequestsDuringMaintenance.php(110): Illuminate/Pipeline/Pipeline->Illuminate/Pipeline/{closure}(Object(Illuminate/Http/Request))
#44 C:/Users/LENOVO/Desktop/Wesbite Sipetran/Website_Sipetran/vendor/laravel/framework/src/Illuminate/Pipeline/Pipeline.php(209): Illuminate/Foundation/Http/Middleware/PreventRequestsDuringMaintenance->handle(Object(Illuminate/Http/Request), Object(Closure))
#45 C:/Users/LENOVO/Desktop/Wesbite Sipetran/Website_Sipetran/vendor/laravel/framework/src/Illuminate/Http/Middleware/HandleCors.php(49): Illuminate/Pipeline/Pipeline->Illuminate/Pipeline/{closure}(Object(Illuminate/Http/Request))
#46 C:/Users/LENOVO/Desktop/Wesbite Sipetran/Website_Sipetran/vendor/laravel/framework/src/Illuminate/Pipeline/Pipeline.php(209): Illuminate/Http/Middleware/HandleCors->handle(Object(Illuminate/Http/Request), Object(Closure))
#47 C:/Users/LENOVO/Desktop/Wesbite Sipetran/Website_Sipetran/vendor/laravel/framework/src/Illuminate/Http/Middleware/TrustProxies.php(58): Illuminate/Pipeline/Pipeline->Illuminate/Pipeline/{closure}(Object(Illuminate/Http/Request))
#48 C:/Users/LENOVO/Desktop/Wesbite Sipetran/Website_Sipetran/vendor/laravel/framework/src/Illuminate/Pipeline/Pipeline.php(209): Illuminate/Http/Middleware/TrustProxies->handle(Object(Illuminate/Http/Request), Object(Closure))
#49 C:/Users/LENOVO/Desktop/Wesbite Sipetran/Website_Sipetran/vendor/laravel/framework/src/Illuminate/Foundation/Http/Middleware/InvokeDeferredCallbacks.php(22): Illuminate/Pipeline/Pipeline->Illuminate/Pipeline/{closure}(Object(Illuminate/Http/Request))
#50 C:/Users/LENOVO/Desktop/Wesbite Sipetran/Website_Sipetran/vendor/laravel/framework/src/Illuminate/Pipeline/Pipeline.php(209): Illuminate/Foundation/Http/Middleware/InvokeDeferredCallbacks->handle(Object(Illuminate/Http/Request), Object(Closure))
#51 C:/Users/LENOVO/Desktop/Wesbite Sipetran/Website_Sipetran/vendor/laravel/framework/src/Illuminate/Pipeline/Pipeline.php(127): Illuminate/Pipeline/Pipeline->Illuminate/Pipeline/{closure}(Object(Illuminate/Http/Request))
#52 C:/Users/LENOVO/Desktop/Wesbite Sipetran/Website_Sipetran/vendor/laravel/framework/src/Illuminate/Foundation/Http/Kernel.php(176): Illuminate/Pipeline/Pipeline->then(Object(Closure))
#53 C:/Users/LENOVO/Desktop/Wesbite Sipetran/Website_Sipetran/vendor/laravel/framework/src/Illuminate/Foundation/Http/Kernel.php(145): Illuminate/Foundation/Http/Kernel->sendRequestThroughRouter(Object(Illuminate/Http/Request))
#54 C:/Users/LENOVO/.gemini/antigravity-ide/brain/bedfb540-a475-4e28-a2b2-0153c0c25cfe/scratch/test_routes.php(12): Illuminate/Foundation/Http/Kernel->handle(Object(Illuminate/Http/Request))
#55 {main}
"} 
[2026-08-07 21:25:16] local.ERROR: could not find driver (Connection: mysql, SQL: select exists (select 1 from information_schema.tables where table_schema = 'sipetran_db' and table_name = 'migrations' and table_type in ('BASE TABLE', 'SYSTEM VERSIONED')) as `exists`) {"exception":"[object] (Illuminate\\Database\\QueryException(code: 0): could not find driver (Connection: mysql, SQL: select exists (select 1 from information_schema.tables where table_schema = 'sipetran_db' and table_name = 'migrations' and table_type in ('BASE TABLE', 'SYSTEM VERSIONED')) as `exists`) at C:/Users/LENOVO/Desktop/Wesbite Sipetran/Website_Sipetran/vendor/laravel/framework/src/Illuminate/Database/Connection.php:825)
[stacktrace]
#0 C:/Users/LENOVO/Desktop/Wesbite Sipetran/Website_Sipetran/vendor/laravel/framework/src/Illuminate/Database/Connection.php(779): Illuminate/Database/Connection->runQueryCallback('select exists (...', Array, Object(Closure))
#1 C:/Users/LENOVO/Desktop/Wesbite Sipetran/Website_Sipetran/vendor/laravel/framework/src/Illuminate/Database/Connection.php(398): Illuminate/Database/Connection->run('select exists (...', Array, Object(Closure))
#2 C:/Users/LENOVO/Desktop/Wesbite Sipetran/Website_Sipetran/vendor/laravel/framework/src/Illuminate/Database/Connection.php(344): Illuminate/Database/Connection->select('select exists (...', Array, true)
#3 C:/Users/LENOVO/Desktop/Wesbite Sipetran/Website_Sipetran/vendor/laravel/framework/src/Illuminate/Database/Connection.php(361): Illuminate/Database/Connection->selectOne('select exists (...', Array, true)
#4 C:/Users/LENOVO/Desktop/Wesbite Sipetran/Website_Sipetran/vendor/laravel/framework/src/Illuminate/Database/Schema/MySqlBuilder.php(45): Illuminate/Database/Connection->scalar('select exists (...')
#5 C:/Users/LENOVO/Desktop/Wesbite Sipetran/Website_Sipetran/vendor/laravel/framework/src/Illuminate/Database/Migrations/DatabaseMigrationRepository.php(184): Illuminate/Database/Schema/MySqlBuilder->hasTable('migrations')
#6 C:/Users/LENOVO/Desktop/Wesbite Sipetran/Website_Sipetran/vendor/laravel/framework/src/Illuminate/Database/Migrations/Migrator.php(742): Illuminate/Database/Migrations/DatabaseMigrationRepository->repositoryExists()
#7 C:/Users/LENOVO/Desktop/Wesbite Sipetran/Website_Sipetran/vendor/laravel/framework/src/Illuminate/Database/Console/Migrations/MigrateCommand.php(165): Illuminate/Database/Migrations/Migrator->repositoryExists()
#8 C:/Users/LENOVO/Desktop/Wesbite Sipetran/Website_Sipetran/vendor/laravel/framework/src/Illuminate/Support/helpers.php(338): Illuminate/Database/Console/Migrations/MigrateCommand->Illuminate/Database/Console/Migrations/{closure}(1)
#9 C:/Users/LENOVO/Desktop/Wesbite Sipetran/Website_Sipetran/vendor/laravel/framework/src/Illuminate/Database/Console/Migrations/MigrateCommand.php(165): retry(1, Object(Closure), 0, Object(Closure))
#10 C:/Users/LENOVO/Desktop/Wesbite Sipetran/Website_Sipetran/vendor/laravel/framework/src/Illuminate/Database/Console/Migrations/MigrateCommand.php(141): Illuminate/Database/Console/Migrations/MigrateCommand->repositoryExists()
#11 C:/Users/LENOVO/Desktop/Wesbite Sipetran/Website_Sipetran/vendor/laravel/framework/src/Illuminate/Database/Console/Migrations/MigrateCommand.php(111): Illuminate/Database/Console/Migrations/MigrateCommand->prepareDatabase()
#12 C:/Users/LENOVO/Desktop/Wesbite Sipetran/Website_Sipetran/vendor/laravel/framework/src/Illuminate/Database/Migrations/Migrator.php(658): Illuminate/Database/Console/Migrations/MigrateCommand->Illuminate/Database/Console/Migrations/{closure}()
#13 C:/Users/LENOVO/Desktop/Wesbite Sipetran/Website_Sipetran/vendor/laravel/framework/src/Illuminate/Database/Console/Migrations/MigrateCommand.php(110): Illuminate/Database/Migrations/Migrator->usingConnection(NULL, Object(Closure))
#14 C:/Users/LENOVO/Desktop/Wesbite Sipetran/Website_Sipetran/vendor/laravel/framework/src/Illuminate/Database/Console/Migrations/MigrateCommand.php(89): Illuminate/Database/Console/Migrations/MigrateCommand->runMigrations()
#15 C:/Users/LENOVO/Desktop/Wesbite Sipetran/Website_Sipetran/vendor/laravel/framework/src/Illuminate/Container/BoundMethod.php(36): Illuminate/Database/Console/Migrations/MigrateCommand->handle()
#16 C:/Users/LENOVO/Desktop/Wesbite Sipetran/Website_Sipetran/vendor/laravel/framework/src/Illuminate/Container/Util.php(43): Illuminate/Container/BoundMethod::Illuminate/Container/{closure}()
#17 C:/Users/LENOVO/Desktop/Wesbite Sipetran/Website_Sipetran/vendor/laravel/framework/src/Illuminate/Container/BoundMethod.php(95): Illuminate/Container/Util::unwrapIfClosure(Object(Closure))
#18 C:/Users/LENOVO/Desktop/Wesbite Sipetran/Website_Sipetran/vendor/laravel/framework/src/Illuminate/Container/BoundMethod.php(35): Illuminate/Container/BoundMethod::callBoundMethod(Object(Illuminate/Foundation/Application), Array, Object(Closure))
#19 C:/Users/LENOVO/Desktop/Wesbite Sipetran/Website_Sipetran/vendor/laravel/framework/src/Illuminate/Container/Container.php(696): Illuminate/Container/BoundMethod::call(Object(Illuminate/Foundation/Application), Array, Array, NULL)
#20 C:/Users/LENOVO/Desktop/Wesbite Sipetran/Website_Sipetran/vendor/laravel/framework/src/Illuminate/Console/Command.php(213): Illuminate/Container/Container->call(Array)
#21 C:/Users/LENOVO/Desktop/Wesbite Sipetran/Website_Sipetran/vendor/symfony/console/Command/Command.php(341): Illuminate/Console/Command->execute(Object(Symfony/Component/Console/Input/ArgvInput), Object(Illuminate/Console/OutputStyle))
#22 C:/Users/LENOVO/Desktop/Wesbite Sipetran/Website_Sipetran/vendor/laravel/framework/src/Illuminate/Console/Command.php(182): Symfony/Component/Console/Command/Command->run(Object(Symfony/Component/Console/Input/ArgvInput), Object(Illuminate/Console/OutputStyle))
#23 C:/Users/LENOVO/Desktop/Wesbite Sipetran/Website_Sipetran/vendor/symfony/console/Application.php(1117): Illuminate/Console/Command->run(Object(Symfony/Component/Console/Input/ArgvInput), Object(Symfony/Component/Console/Output/ConsoleOutput))
#24 C:/Users/LENOVO/Desktop/Wesbite Sipetran/Website_Sipetran/vendor/symfony/console/Application.php(356): Symfony/Component/Console/Application->doRunCommand(Object(Illuminate/Database/Console/Migrations/MigrateCommand), Object(Symfony/Component/Console/Input/ArgvInput), Object(Symfony/Component/Console/Output/ConsoleOutput))
#25 C:/Users/LENOVO/Desktop/Wesbite Sipetran/Website_Sipetran/vendor/symfony/console/Application.php(195): Symfony/Component/Console/Application->doRun(Object(Symfony/Component/Console/Input/ArgvInput), Object(Symfony/Component/Console/Output/ConsoleOutput))
#26 C:/Users/LENOVO/Desktop/Wesbite Sipetran/Website_Sipetran/vendor/laravel/framework/src/Illuminate/Foundation/Console/Kernel.php(198): Symfony/Component/Console/Application->run(Object(Symfony/Component/Console/Input/ArgvInput), Object(Symfony/Component/Console/Output/ConsoleOutput))
#27 C:/Users/LENOVO/Desktop/Wesbite Sipetran/Website_Sipetran/vendor/laravel/framework/src/Illuminate/Foundation/Application.php(1235): Illuminate/Foundation/Console/Kernel->handle(Object(Symfony/Component/Console/Input/ArgvInput), Object(Symfony/Component/Console/Output/ConsoleOutput))
#28 C:/Users/LENOVO/Desktop/Wesbite Sipetran/Website_Sipetran/artisan(11): Illuminate/Foundation/Application->handleCommand(Object(Symfony/Component/Console/Input/ArgvInput))
#29 {main}

[previous exception] [object] (PDOException(code: 0): could not find driver at C:/Users/LENOVO/Desktop/Wesbite Sipetran/Website_Sipetran/vendor/laravel/framework/src/Illuminate/Database/Connectors/Connector.php:66)
[stacktrace]
#0 C:/Users/LENOVO/Desktop/Wesbite Sipetran/Website_Sipetran/vendor/laravel/framework/src/Illuminate/Database/Connectors/Connector.php(66): PDO->__construct('mysql:host=127....', 'root', Object(SensitiveParameterValue), Array)
#1 C:/Users/LENOVO/Desktop/Wesbite Sipetran/Website_Sipetran/vendor/laravel/framework/src/Illuminate/Database/Connectors/Connector.php(44): Illuminate/Database/Connectors/Connector->createPdoConnection('mysql:host=127....', 'root', Object(SensitiveParameterValue), Array)
#2 C:/Users/LENOVO/Desktop/Wesbite Sipetran/Website_Sipetran/vendor/laravel/framework/src/Illuminate/Database/Connectors/MySqlConnector.php(24): Illuminate/Database/Connectors/Connector->createConnection('mysql:host=127....', Array, Array)
#3 C:/Users/LENOVO/Desktop/Wesbite Sipetran/Website_Sipetran/vendor/laravel/framework/src/Illuminate/Database/Connectors/ConnectionFactory.php(185): Illuminate/Database/Connectors/MySqlConnector->connect(Array)
#4 [internal function]: Illuminate/Database/Connectors/ConnectionFactory->Illuminate/Database/Connectors/{closure}()
#5 C:/Users/LENOVO/Desktop/Wesbite Sipetran/Website_Sipetran/vendor/laravel/framework/src/Illuminate/Database/Connection.php(1231): call_user_func(Object(Closure))
#6 C:/Users/LENOVO/Desktop/Wesbite Sipetran/Website_Sipetran/vendor/laravel/framework/src/Illuminate/Database/Connection.php(1267): Illuminate/Database/Connection->getPdo()
#7 C:/Users/LENOVO/Desktop/Wesbite Sipetran/Website_Sipetran/vendor/laravel/framework/src/Illuminate/Database/Connection.php(512): Illuminate/Database/Connection->getReadPdo()
#8 C:/Users/LENOVO/Desktop/Wesbite Sipetran/Website_Sipetran/vendor/laravel/framework/src/Illuminate/Database/Connection.php(407): Illuminate/Database/Connection->getPdoForSelect(true)
#9 C:/Users/LENOVO/Desktop/Wesbite Sipetran/Website_Sipetran/vendor/laravel/framework/src/Illuminate/Database/Connection.php(812): Illuminate/Database/Connection->Illuminate/Database/{closure}('select exists (...', Array)
#10 C:/Users/LENOVO/Desktop/Wesbite Sipetran/Website_Sipetran/vendor/laravel/framework/src/Illuminate/Database/Connection.php(779): Illuminate/Database/Connection->runQueryCallback('select exists (...', Array, Object(Closure))
#11 C:/Users/LENOVO/Desktop/Wesbite Sipetran/Website_Sipetran/vendor/laravel/framework/src/Illuminate/Database/Connection.php(398): Illuminate/Database/Connection->run('select exists (...', Array, Object(Closure))
#12 C:/Users/LENOVO/Desktop/Wesbite Sipetran/Website_Sipetran/vendor/laravel/framework/src/Illuminate/Database/Connection.php(344): Illuminate/Database/Connection->select('select exists (...', Array, true)
#13 C:/Users/LENOVO/Desktop/Wesbite Sipetran/Website_Sipetran/vendor/laravel/framework/src/Illuminate/Database/Connection.php(361): Illuminate/Database/Connection->selectOne('select exists (...', Array, true)
#14 C:/Users/LENOVO/Desktop/Wesbite Sipetran/Website_Sipetran/vendor/laravel/framework/src/Illuminate/Database/Schema/MySqlBuilder.php(45): Illuminate/Database/Connection->scalar('select exists (...')
#15 C:/Users/LENOVO/Desktop/Wesbite Sipetran/Website_Sipetran/vendor/laravel/framework/src/Illuminate/Database/Migrations/DatabaseMigrationRepository.php(184): Illuminate/Database/Schema/MySqlBuilder->hasTable('migrations')
#16 C:/Users/LENOVO/Desktop/Wesbite Sipetran/Website_Sipetran/vendor/laravel/framework/src/Illuminate/Database/Migrations/Migrator.php(742): Illuminate/Database/Migrations/DatabaseMigrationRepository->repositoryExists()
#17 C:/Users/LENOVO/Desktop/Wesbite Sipetran/Website_Sipetran/vendor/laravel/framework/src/Illuminate/Database/Console/Migrations/MigrateCommand.php(165): Illuminate/Database/Migrations/Migrator->repositoryExists()
#18 C:/Users/LENOVO/Desktop/Wesbite Sipetran/Website_Sipetran/vendor/laravel/framework/src/Illuminate/Support/helpers.php(338): Illuminate/Database/Console/Migrations/MigrateCommand->Illuminate/Database/Console/Migrations/{closure}(1)
#19 C:/Users/LENOVO/Desktop/Wesbite Sipetran/Website_Sipetran/vendor/laravel/framework/src/Illuminate/Database/Console/Migrations/MigrateCommand.php(165): retry(1, Object(Closure), 0, Object(Closure))
#20 C:/Users/LENOVO/Desktop/Wesbite Sipetran/Website_Sipetran/vendor/laravel/framework/src/Illuminate/Database/Console/Migrations/MigrateCommand.php(141): Illuminate/Database/Console/Migrations/MigrateCommand->repositoryExists()
#21 C:/Users/LENOVO/Desktop/Wesbite Sipetran/Website_Sipetran/vendor/laravel/framework/src/Illuminate/Database/Console/Migrations/MigrateCommand.php(111): Illuminate/Database/Console/Migrations/MigrateCommand->prepareDatabase()
#22 C:/Users/LENOVO/Desktop/Wesbite Sipetran/Website_Sipetran/vendor/laravel/framework/src/Illuminate/Database/Migrations/Migrator.php(658): Illuminate/Database/Console/Migrations/MigrateCommand->Illuminate/Database/Console/Migrations/{closure}()
#23 C:/Users/LENOVO/Desktop/Wesbite Sipetran/Website_Sipetran/vendor/laravel/framework/src/Illuminate/Database/Console/Migrations/MigrateCommand.php(110): Illuminate/Database/Migrations/Migrator->usingConnection(NULL, Object(Closure))
#24 C:/Users/LENOVO/Desktop/Wesbite Sipetran/Website_Sipetran/vendor/laravel/framework/src/Illuminate/Database/Console/Migrations/MigrateCommand.php(89): Illuminate/Database/Console/Migrations/MigrateCommand->runMigrations()
#25 C:/Users/LENOVO/Desktop/Wesbite Sipetran/Website_Sipetran/vendor/laravel/framework/src/Illuminate/Container/BoundMethod.php(36): Illuminate/Database/Console/Migrations/MigrateCommand->handle()
#26 C:/Users/LENOVO/Desktop/Wesbite Sipetran/Website_Sipetran/vendor/laravel/framework/src/Illuminate/Container/Util.php(43): Illuminate/Container/BoundMethod::Illuminate/Container/{closure}()
#27 C:/Users/LENOVO/Desktop/Wesbite Sipetran/Website_Sipetran/vendor/laravel/framework/src/Illuminate/Container/BoundMethod.php(95): Illuminate/Container/Util::unwrapIfClosure(Object(Closure))
#28 C:/Users/LENOVO/Desktop/Wesbite Sipetran/Website_Sipetran/vendor/laravel/framework/src/Illuminate/Container/BoundMethod.php(35): Illuminate/Container/BoundMethod::callBoundMethod(Object(Illuminate/Foundation/Application), Array, Object(Closure))
#29 C:/Users/LENOVO/Desktop/Wesbite Sipetran/Website_Sipetran/vendor/laravel/framework/src/Illuminate/Container/Container.php(696): Illuminate/Container/BoundMethod::call(Object(Illuminate/Foundation/Application), Array, Array, NULL)
#30 C:/Users/LENOVO/Desktop/Wesbite Sipetran/Website_Sipetran/vendor/laravel/framework/src/Illuminate/Console/Command.php(213): Illuminate/Container/Container->call(Array)
#31 C:/Users/LENOVO/Desktop/Wesbite Sipetran/Website_Sipetran/vendor/symfony/console/Command/Command.php(341): Illuminate/Console/Command->execute(Object(Symfony/Component/Console/Input/ArgvInput), Object(Illuminate/Console/OutputStyle))
#32 C:/Users/LENOVO/Desktop/Wesbite Sipetran/Website_Sipetran/vendor/laravel/framework/src/Illuminate/Console/Command.php(182): Symfony/Component/Console/Command/Command->run(Object(Symfony/Component/Console/Input/ArgvInput), Object(Illuminate/Console/OutputStyle))
#33 C:/Users/LENOVO/Desktop/Wesbite Sipetran/Website_Sipetran/vendor/symfony/console/Application.php(1117): Illuminate/Console/Command->run(Object(Symfony/Component/Console/Input/ArgvInput), Object(Symfony/Component/Console/Output/ConsoleOutput))
#34 C:/Users/LENOVO/Desktop/Wesbite Sipetran/Website_Sipetran/vendor/symfony/console/Application.php(356): Symfony/Component/Console/Application->doRunCommand(Object(Illuminate/Database/Console/Migrations/MigrateCommand), Object(Symfony/Component/Console/Input/ArgvInput), Object(Symfony/Component/Console/Output/ConsoleOutput))
#35 C:/Users/LENOVO/Desktop/Wesbite Sipetran/Website_Sipetran/vendor/symfony/console/Application.php(195): Symfony/Component/Console/Application->doRun(Object(Symfony/Component/Console/Input/ArgvInput), Object(Symfony/Component/Console/Output/ConsoleOutput))
#36 C:/Users/LENOVO/Desktop/Wesbite Sipetran/Website_Sipetran/vendor/laravel/framework/src/Illuminate/Foundation/Console/Kernel.php(198): Symfony/Component/Console/Application->run(Object(Symfony/Component/Console/Input/ArgvInput), Object(Symfony/Component/Console/Output/ConsoleOutput))
#37 C:/Users/LENOVO/Desktop/Wesbite Sipetran/Website_Sipetran/vendor/laravel/framework/src/Illuminate/Foundation/Application.php(1235): Illuminate/Foundation/Console/Kernel->handle(Object(Symfony/Component/Console/Input/ArgvInput), Object(Symfony/Component/Console/Output/ConsoleOutput))
#38 C:/Users/LENOVO/Desktop/Wesbite Sipetran/Website_Sipetran/artisan(11): Illuminate/Foundation/Application->handleCommand(Object(Symfony/Component/Console/Input/ArgvInput))
#39 {main}
"} 
[2026-08-07 21:25:55] local.ERROR: SQLSTATE[HY000] [2002] No connection could be made because the target machine actively refused it (Connection: mysql, SQL: select table_name as `name`, (data_length + index_length) as `size`, table_comment as `comment`, engine as `engine`, table_collation as `collation` from information_schema.tables where table_schema = 'sipetran_db' and table_type in ('BASE TABLE', 'SYSTEM VERSIONED') order by table_name) {"exception":"[object] (Illuminate\\Database\\QueryException(code: 2002): SQLSTATE[HY000] [2002] No connection could be made because the target machine actively refused it (Connection: mysql, SQL: select table_name as `name`, (data_length + index_length) as `size`, table_comment as `comment`, engine as `engine`, table_collation as `collation` from information_schema.tables where table_schema = 'sipetran_db' and table_type in ('BASE TABLE', 'SYSTEM VERSIONED') order by table_name) at C:/Users/LENOVO/Desktop/Wesbite Sipetran/Website_Sipetran/vendor/laravel/framework/src/Illuminate/Database/Connection.php:825)
[stacktrace]
#0 C:/Users/LENOVO/Desktop/Wesbite Sipetran/Website_Sipetran/vendor/laravel/framework/src/Illuminate/Database/Connection.php(979): Illuminate/Database/Connection->runQueryCallback('select table_na...', Array, Object(Closure))
#1 C:/Users/LENOVO/Desktop/Wesbite Sipetran/Website_Sipetran/vendor/laravel/framework/src/Illuminate/Database/Connection.php(958): Illuminate/Database/Connection->tryAgainIfCausedByLostConnection(Object(Illuminate/Database/QueryException), 'select table_na...', Array, Object(Closure))
#2 C:/Users/LENOVO/Desktop/Wesbite Sipetran/Website_Sipetran/vendor/laravel/framework/src/Illuminate/Database/Connection.php(781): Illuminate/Database/Connection->handleQueryException(Object(Illuminate/Database/QueryException), 'select table_na...', Array, Object(Closure))
#3 C:/Users/LENOVO/Desktop/Wesbite Sipetran/Website_Sipetran/vendor/laravel/framework/src/Illuminate/Database/Connection.php(398): Illuminate/Database/Connection->run('select table_na...', Array, Object(Closure))
#4 C:/Users/LENOVO/Desktop/Wesbite Sipetran/Website_Sipetran/vendor/laravel/framework/src/Illuminate/Database/Connection.php(385): Illuminate/Database/Connection->select('select table_na...', Array, false)
#5 C:/Users/LENOVO/Desktop/Wesbite Sipetran/Website_Sipetran/vendor/laravel/framework/src/Illuminate/Database/Schema/MySqlBuilder.php(58): Illuminate/Database/Connection->selectFromWriteConnection('select table_na...')
#6 C:/Users/LENOVO/Desktop/Wesbite Sipetran/Website_Sipetran/vendor/laravel/framework/src/Illuminate/Database/Schema/MySqlBuilder.php(136): Illuminate/Database/Schema/MySqlBuilder->getTables()
#7 C:/Users/LENOVO/Desktop/Wesbite Sipetran/Website_Sipetran/vendor/laravel/framework/src/Illuminate/Database/Console/WipeCommand.php(73): Illuminate/Database/Schema/MySqlBuilder->dropAllTables()
#8 C:/Users/LENOVO/Desktop/Wesbite Sipetran/Website_Sipetran/vendor/laravel/framework/src/Illuminate/Database/Console/WipeCommand.php(50): Illuminate/Database/Console/WipeCommand->dropAllTables(NULL)
#9 C:/Users/LENOVO/Desktop/Wesbite Sipetran/Website_Sipetran/vendor/laravel/framework/src/Illuminate/Container/BoundMethod.php(36): Illuminate/Database/Console/WipeCommand->handle()
#10 C:/Users/LENOVO/Desktop/Wesbite Sipetran/Website_Sipetran/vendor/laravel/framework/src/Illuminate/Container/Util.php(43): Illuminate/Container/BoundMethod::Illuminate/Container/{closure}()
#11 C:/Users/LENOVO/Desktop/Wesbite Sipetran/Website_Sipetran/vendor/laravel/framework/src/Illuminate/Container/BoundMethod.php(95): Illuminate/Container/Util::unwrapIfClosure(Object(Closure))
#12 C:/Users/LENOVO/Desktop/Wesbite Sipetran/Website_Sipetran/vendor/laravel/framework/src/Illuminate/Container/BoundMethod.php(35): Illuminate/Container/BoundMethod::callBoundMethod(Object(Illuminate/Foundation/Application), Array, Object(Closure))
#13 C:/Users/LENOVO/Desktop/Wesbite Sipetran/Website_Sipetran/vendor/laravel/framework/src/Illuminate/Container/Container.php(696): Illuminate/Container/BoundMethod::call(Object(Illuminate/Foundation/Application), Array, Array, NULL)
#14 C:/Users/LENOVO/Desktop/Wesbite Sipetran/Website_Sipetran/vendor/laravel/framework/src/Illuminate/Console/Command.php(213): Illuminate/Container/Container->call(Array)
#15 C:/Users/LENOVO/Desktop/Wesbite Sipetran/Website_Sipetran/vendor/symfony/console/Command/Command.php(341): Illuminate/Console/Command->execute(Object(Symfony/Component/Console/Input/ArgvInput), Object(Illuminate/Console/OutputStyle))
#16 C:/Users/LENOVO/Desktop/Wesbite Sipetran/Website_Sipetran/vendor/laravel/framework/src/Illuminate/Console/Command.php(182): Symfony/Component/Console/Command/Command->run(Object(Symfony/Component/Console/Input/ArgvInput), Object(Illuminate/Console/OutputStyle))
#17 C:/Users/LENOVO/Desktop/Wesbite Sipetran/Website_Sipetran/vendor/symfony/console/Application.php(1117): Illuminate/Console/Command->run(Object(Symfony/Component/Console/Input/ArgvInput), Object(Symfony/Component/Console/Output/ConsoleOutput))
#18 C:/Users/LENOVO/Desktop/Wesbite Sipetran/Website_Sipetran/vendor/symfony/console/Application.php(356): Symfony/Component/Console/Application->doRunCommand(Object(Illuminate/Database/Console/WipeCommand), Object(Symfony/Component/Console/Input/ArgvInput), Object(Symfony/Component/Console/Output/ConsoleOutput))
#19 C:/Users/LENOVO/Desktop/Wesbite Sipetran/Website_Sipetran/vendor/symfony/console/Application.php(195): Symfony/Component/Console/Application->doRun(Object(Symfony/Component/Console/Input/ArgvInput), Object(Symfony/Component/Console/Output/ConsoleOutput))
#20 C:/Users/LENOVO/Desktop/Wesbite Sipetran/Website_Sipetran/vendor/laravel/framework/src/Illuminate/Foundation/Console/Kernel.php(198): Symfony/Component/Console/Application->run(Object(Symfony/Component/Console/Input/ArgvInput), Object(Symfony/Component/Console/Output/ConsoleOutput))
#21 C:/Users/LENOVO/Desktop/Wesbite Sipetran/Website_Sipetran/vendor/laravel/framework/src/Illuminate/Foundation/Application.php(1235): Illuminate/Foundation/Console/Kernel->handle(Object(Symfony/Component/Console/Input/ArgvInput), Object(Symfony/Component/Console/Output/ConsoleOutput))
#22 C:/Users/LENOVO/Desktop/Wesbite Sipetran/Website_Sipetran/artisan(11): Illuminate/Foundation/Application->handleCommand(Object(Symfony/Component/Console/Input/ArgvInput))
#23 {main}

[previous exception] [object] (PDOException(code: 2002): SQLSTATE[HY000] [2002] No connection could be made because the target machine actively refused it at C:/Users/LENOVO/Desktop/Wesbite Sipetran/Website_Sipetran/vendor/laravel/framework/src/Illuminate/Database/Connectors/Connector.php:66)
[stacktrace]
#0 C:/Users/LENOVO/Desktop/Wesbite Sipetran/Website_Sipetran/vendor/laravel/framework/src/Illuminate/Database/Connectors/Connector.php(66): PDO->__construct('mysql:host=127....', 'root', Object(SensitiveParameterValue), Array)
#1 C:/Users/LENOVO/Desktop/Wesbite Sipetran/Website_Sipetran/vendor/laravel/framework/src/Illuminate/Database/Connectors/Connector.php(85): Illuminate/Database/Connectors/Connector->createPdoConnection('mysql:host=127....', 'root', Object(SensitiveParameterValue), Array)
#2 C:/Users/LENOVO/Desktop/Wesbite Sipetran/Website_Sipetran/vendor/laravel/framework/src/Illuminate/Database/Connectors/Connector.php(48): Illuminate/Database/Connectors/Connector->tryAgainIfCausedByLostConnection(Object(PDOException), 'mysql:host=127....', 'root', Object(SensitiveParameterValue), Array)
#3 C:/Users/LENOVO/Desktop/Wesbite Sipetran/Website_Sipetran/vendor/laravel/framework/src/Illuminate/Database/Connectors/MySqlConnector.php(24): Illuminate/Database/Connectors/Connector->createConnection('mysql:host=127....', Array, Array)
#4 C:/Users/LENOVO/Desktop/Wesbite Sipetran/Website_Sipetran/vendor/laravel/framework/src/Illuminate/Database/Connectors/ConnectionFactory.php(185): Illuminate/Database/Connectors/MySqlConnector->connect(Array)
#5 [internal function]: Illuminate/Database/Connectors/ConnectionFactory->Illuminate/Database/Connectors/{closure}()
#6 C:/Users/LENOVO/Desktop/Wesbite Sipetran/Website_Sipetran/vendor/laravel/framework/src/Illuminate/Database/Connection.php(1231): call_user_func(Object(Closure))
#7 C:/Users/LENOVO/Desktop/Wesbite Sipetran/Website_Sipetran/vendor/laravel/framework/src/Illuminate/Database/Connection.php(512): Illuminate/Database/Connection->getPdo()
#8 C:/Users/LENOVO/Desktop/Wesbite Sipetran/Website_Sipetran/vendor/laravel/framework/src/Illuminate/Database/Connection.php(407): Illuminate/Database/Connection->getPdoForSelect(false)
#9 C:/Users/LENOVO/Desktop/Wesbite Sipetran/Website_Sipetran/vendor/laravel/framework/src/Illuminate/Database/Connection.php(812): Illuminate/Database/Connection->Illuminate/Database/{closure}('select table_na...', Array)
#10 C:/Users/LENOVO/Desktop/Wesbite Sipetran/Website_Sipetran/vendor/laravel/framework/src/Illuminate/Database/Connection.php(979): Illuminate/Database/Connection->runQueryCallback('select table_na...', Array, Object(Closure))
#11 C:/Users/LENOVO/Desktop/Wesbite Sipetran/Website_Sipetran/vendor/laravel/framework/src/Illuminate/Database/Connection.php(958): Illuminate/Database/Connection->tryAgainIfCausedByLostConnection(Object(Illuminate/Database/QueryException), 'select table_na...', Array, Object(Closure))
#12 C:/Users/LENOVO/Desktop/Wesbite Sipetran/Website_Sipetran/vendor/laravel/framework/src/Illuminate/Database/Connection.php(781): Illuminate/Database/Connection->handleQueryException(Object(Illuminate/Database/QueryException), 'select table_na...', Array, Object(Closure))
#13 C:/Users/LENOVO/Desktop/Wesbite Sipetran/Website_Sipetran/vendor/laravel/framework/src/Illuminate/Database/Connection.php(398): Illuminate/Database/Connection->run('select table_na...', Array, Object(Closure))
#14 C:/Users/LENOVO/Desktop/Wesbite Sipetran/Website_Sipetran/vendor/laravel/framework/src/Illuminate/Database/Connection.php(385): Illuminate/Database/Connection->select('select table_na...', Array, false)
#15 C:/Users/LENOVO/Desktop/Wesbite Sipetran/Website_Sipetran/vendor/laravel/framework/src/Illuminate/Database/Schema/MySqlBuilder.php(58): Illuminate/Database/Connection->selectFromWriteConnection('select table_na...')
#16 C:/Users/LENOVO/Desktop/Wesbite Sipetran/Website_Sipetran/vendor/laravel/framework/src/Illuminate/Database/Schema/MySqlBuilder.php(136): Illuminate/Database/Schema/MySqlBuilder->getTables()
#17 C:/Users/LENOVO/Desktop/Wesbite Sipetran/Website_Sipetran/vendor/laravel/framework/src/Illuminate/Database/Console/WipeCommand.php(73): Illuminate/Database/Schema/MySqlBuilder->dropAllTables()
#18 C:/Users/LENOVO/Desktop/Wesbite Sipetran/Website_Sipetran/vendor/laravel/framework/src/Illuminate/Database/Console/WipeCommand.php(50): Illuminate/Database/Console/WipeCommand->dropAllTables(NULL)
#19 C:/Users/LENOVO/Desktop/Wesbite Sipetran/Website_Sipetran/vendor/laravel/framework/src/Illuminate/Container/BoundMethod.php(36): Illuminate/Database/Console/WipeCommand->handle()
#20 C:/Users/LENOVO/Desktop/Wesbite Sipetran/Website_Sipetran/vendor/laravel/framework/src/Illuminate/Container/Util.php(43): Illuminate/Container/BoundMethod::Illuminate/Container/{closure}()
#21 C:/Users/LENOVO/Desktop/Wesbite Sipetran/Website_Sipetran/vendor/laravel/framework/src/Illuminate/Container/BoundMethod.php(95): Illuminate/Container/Util::unwrapIfClosure(Object(Closure))
#22 C:/Users/LENOVO/Desktop/Wesbite Sipetran/Website_Sipetran/vendor/laravel/framework/src/Illuminate/Container/BoundMethod.php(35): Illuminate/Container/BoundMethod::callBoundMethod(Object(Illuminate/Foundation/Application), Array, Object(Closure))
#23 C:/Users/LENOVO/Desktop/Wesbite Sipetran/Website_Sipetran/vendor/laravel/framework/src/Illuminate/Container/Container.php(696): Illuminate/Container/BoundMethod::call(Object(Illuminate/Foundation/Application), Array, Array, NULL)
#24 C:/Users/LENOVO/Desktop/Wesbite Sipetran/Website_Sipetran/vendor/laravel/framework/src/Illuminate/Console/Command.php(213): Illuminate/Container/Container->call(Array)
#25 C:/Users/LENOVO/Desktop/Wesbite Sipetran/Website_Sipetran/vendor/symfony/console/Command/Command.php(341): Illuminate/Console/Command->execute(Object(Symfony/Component/Console/Input/ArgvInput), Object(Illuminate/Console/OutputStyle))
#26 C:/Users/LENOVO/Desktop/Wesbite Sipetran/Website_Sipetran/vendor/laravel/framework/src/Illuminate/Console/Command.php(182): Symfony/Component/Console/Command/Command->run(Object(Symfony/Component/Console/Input/ArgvInput), Object(Illuminate/Console/OutputStyle))
#27 C:/Users/LENOVO/Desktop/Wesbite Sipetran/Website_Sipetran/vendor/symfony/console/Application.php(1117): Illuminate/Console/Command->run(Object(Symfony/Component/Console/Input/ArgvInput), Object(Symfony/Component/Console/Output/ConsoleOutput))
#28 C:/Users/LENOVO/Desktop/Wesbite Sipetran/Website_Sipetran/vendor/symfony/console/Application.php(356): Symfony/Component/Console/Application->doRunCommand(Object(Illuminate/Database/Console/WipeCommand), Object(Symfony/Component/Console/Input/ArgvInput), Object(Symfony/Component/Console/Output/ConsoleOutput))
#29 C:/Users/LENOVO/Desktop/Wesbite Sipetran/Website_Sipetran/vendor/symfony/console/Application.php(195): Symfony/Component/Console/Application->doRun(Object(Symfony/Component/Console/Input/ArgvInput), Object(Symfony/Component/Console/Output/ConsoleOutput))
#30 C:/Users/LENOVO/Desktop/Wesbite Sipetran/Website_Sipetran/vendor/laravel/framework/src/Illuminate/Foundation/Console/Kernel.php(198): Symfony/Component/Console/Application->run(Object(Symfony/Component/Console/Input/ArgvInput), Object(Symfony/Component/Console/Output/ConsoleOutput))
#31 C:/Users/LENOVO/Desktop/Wesbite Sipetran/Website_Sipetran/vendor/laravel/framework/src/Illuminate/Foundation/Application.php(1235): Illuminate/Foundation/Console/Kernel->handle(Object(Symfony/Component/Console/Input/ArgvInput), Object(Symfony/Component/Console/Output/ConsoleOutput))
#32 C:/Users/LENOVO/Desktop/Wesbite Sipetran/Website_Sipetran/artisan(11): Illuminate/Foundation/Application->handleCommand(Object(Symfony/Component/Console/Input/ArgvInput))
#33 {main}
"} 
[2026-08-07 21:26:04] local.ERROR: SQLSTATE[HY000] [2002] No connection could be made because the target machine actively refused it (Connection: mysql, SQL: select exists (select 1 from information_schema.tables where table_schema = 'sipetran_db' and table_name = 'migrations' and table_type in ('BASE TABLE', 'SYSTEM VERSIONED')) as `exists`) {"exception":"[object] (Illuminate\\Database\\QueryException(code: 2002): SQLSTATE[HY000] [2002] No connection could be made because the target machine actively refused it (Connection: mysql, SQL: select exists (select 1 from information_schema.tables where table_schema = 'sipetran_db' and table_name = 'migrations' and table_type in ('BASE TABLE', 'SYSTEM VERSIONED')) as `exists`) at C:/Users/LENOVO/Desktop/Wesbite Sipetran/Website_Sipetran/vendor/laravel/framework/src/Illuminate/Database/Connection.php:825)
[stacktrace]
#0 C:/Users/LENOVO/Desktop/Wesbite Sipetran/Website_Sipetran/vendor/laravel/framework/src/Illuminate/Database/Connection.php(979): Illuminate/Database/Connection->runQueryCallback('select exists (...', Array, Object(Closure))
#1 C:/Users/LENOVO/Desktop/Wesbite Sipetran/Website_Sipetran/vendor/laravel/framework/src/Illuminate/Database/Connection.php(958): Illuminate/Database/Connection->tryAgainIfCausedByLostConnection(Object(Illuminate/Database/QueryException), 'select exists (...', Array, Object(Closure))
#2 C:/Users/LENOVO/Desktop/Wesbite Sipetran/Website_Sipetran/vendor/laravel/framework/src/Illuminate/Database/Connection.php(781): Illuminate/Database/Connection->handleQueryException(Object(Illuminate/Database/QueryException), 'select exists (...', Array, Object(Closure))
#3 C:/Users/LENOVO/Desktop/Wesbite Sipetran/Website_Sipetran/vendor/laravel/framework/src/Illuminate/Database/Connection.php(398): Illuminate/Database/Connection->run('select exists (...', Array, Object(Closure))
#4 C:/Users/LENOVO/Desktop/Wesbite Sipetran/Website_Sipetran/vendor/laravel/framework/src/Illuminate/Database/Connection.php(344): Illuminate/Database/Connection->select('select exists (...', Array, true)
#5 C:/Users/LENOVO/Desktop/Wesbite Sipetran/Website_Sipetran/vendor/laravel/framework/src/Illuminate/Database/Connection.php(361): Illuminate/Database/Connection->selectOne('select exists (...', Array, true)
#6 C:/Users/LENOVO/Desktop/Wesbite Sipetran/Website_Sipetran/vendor/laravel/framework/src/Illuminate/Database/Schema/MySqlBuilder.php(45): Illuminate/Database/Connection->scalar('select exists (...')
#7 C:/Users/LENOVO/Desktop/Wesbite Sipetran/Website_Sipetran/vendor/laravel/framework/src/Illuminate/Database/Migrations/DatabaseMigrationRepository.php(184): Illuminate/Database/Schema/MySqlBuilder->hasTable('migrations')
#8 C:/Users/LENOVO/Desktop/Wesbite Sipetran/Website_Sipetran/vendor/laravel/framework/src/Illuminate/Database/Migrations/Migrator.php(742): Illuminate/Database/Migrations/DatabaseMigrationRepository->repositoryExists()
#9 C:/Users/LENOVO/Desktop/Wesbite Sipetran/Website_Sipetran/vendor/laravel/framework/src/Illuminate/Database/Console/Migrations/MigrateCommand.php(165): Illuminate/Database/Migrations/Migrator->repositoryExists()
#10 C:/Users/LENOVO/Desktop/Wesbite Sipetran/Website_Sipetran/vendor/laravel/framework/src/Illuminate/Support/helpers.php(338): Illuminate/Database/Console/Migrations/MigrateCommand->Illuminate/Database/Console/Migrations/{closure}(1)
#11 C:/Users/LENOVO/Desktop/Wesbite Sipetran/Website_Sipetran/vendor/laravel/framework/src/Illuminate/Database/Console/Migrations/MigrateCommand.php(165): retry(1, Object(Closure), 0, Object(Closure))
#12 C:/Users/LENOVO/Desktop/Wesbite Sipetran/Website_Sipetran/vendor/laravel/framework/src/Illuminate/Database/Console/Migrations/MigrateCommand.php(141): Illuminate/Database/Console/Migrations/MigrateCommand->repositoryExists()
#13 C:/Users/LENOVO/Desktop/Wesbite Sipetran/Website_Sipetran/vendor/laravel/framework/src/Illuminate/Database/Console/Migrations/MigrateCommand.php(111): Illuminate/Database/Console/Migrations/MigrateCommand->prepareDatabase()
#14 C:/Users/LENOVO/Desktop/Wesbite Sipetran/Website_Sipetran/vendor/laravel/framework/src/Illuminate/Database/Migrations/Migrator.php(658): Illuminate/Database/Console/Migrations/MigrateCommand->Illuminate/Database/Console/Migrations/{closure}()
#15 C:/Users/LENOVO/Desktop/Wesbite Sipetran/Website_Sipetran/vendor/laravel/framework/src/Illuminate/Database/Console/Migrations/MigrateCommand.php(110): Illuminate/Database/Migrations/Migrator->usingConnection(NULL, Object(Closure))
#16 C:/Users/LENOVO/Desktop/Wesbite Sipetran/Website_Sipetran/vendor/laravel/framework/src/Illuminate/Database/Console/Migrations/MigrateCommand.php(89): Illuminate/Database/Console/Migrations/MigrateCommand->runMigrations()
#17 C:/Users/LENOVO/Desktop/Wesbite Sipetran/Website_Sipetran/vendor/laravel/framework/src/Illuminate/Container/BoundMethod.php(36): Illuminate/Database/Console/Migrations/MigrateCommand->handle()
#18 C:/Users/LENOVO/Desktop/Wesbite Sipetran/Website_Sipetran/vendor/laravel/framework/src/Illuminate/Container/Util.php(43): Illuminate/Container/BoundMethod::Illuminate/Container/{closure}()
#19 C:/Users/LENOVO/Desktop/Wesbite Sipetran/Website_Sipetran/vendor/laravel/framework/src/Illuminate/Container/BoundMethod.php(95): Illuminate/Container/Util::unwrapIfClosure(Object(Closure))
#20 C:/Users/LENOVO/Desktop/Wesbite Sipetran/Website_Sipetran/vendor/laravel/framework/src/Illuminate/Container/BoundMethod.php(35): Illuminate/Container/BoundMethod::callBoundMethod(Object(Illuminate/Foundation/Application), Array, Object(Closure))
#21 C:/Users/LENOVO/Desktop/Wesbite Sipetran/Website_Sipetran/vendor/laravel/framework/src/Illuminate/Container/Container.php(696): Illuminate/Container/BoundMethod::call(Object(Illuminate/Foundation/Application), Array, Array, NULL)
#22 C:/Users/LENOVO/Desktop/Wesbite Sipetran/Website_Sipetran/vendor/laravel/framework/src/Illuminate/Console/Command.php(213): Illuminate/Container/Container->call(Array)
#23 C:/Users/LENOVO/Desktop/Wesbite Sipetran/Website_Sipetran/vendor/symfony/console/Command/Command.php(341): Illuminate/Console/Command->execute(Object(Symfony/Component/Console/Input/ArgvInput), Object(Illuminate/Console/OutputStyle))
#24 C:/Users/LENOVO/Desktop/Wesbite Sipetran/Website_Sipetran/vendor/laravel/framework/src/Illuminate/Console/Command.php(182): Symfony/Component/Console/Command/Command->run(Object(Symfony/Component/Console/Input/ArgvInput), Object(Illuminate/Console/OutputStyle))
#25 C:/Users/LENOVO/Desktop/Wesbite Sipetran/Website_Sipetran/vendor/symfony/console/Application.php(1117): Illuminate/Console/Command->run(Object(Symfony/Component/Console/Input/ArgvInput), Object(Symfony/Component/Console/Output/ConsoleOutput))
#26 C:/Users/LENOVO/Desktop/Wesbite Sipetran/Website_Sipetran/vendor/symfony/console/Application.php(356): Symfony/Component/Console/Application->doRunCommand(Object(Illuminate/Database/Console/Migrations/MigrateCommand), Object(Symfony/Component/Console/Input/ArgvInput), Object(Symfony/Component/Console/Output/ConsoleOutput))
#27 C:/Users/LENOVO/Desktop/Wesbite Sipetran/Website_Sipetran/vendor/symfony/console/Application.php(195): Symfony/Component/Console/Application->doRun(Object(Symfony/Component/Console/Input/ArgvInput), Object(Symfony/Component/Console/Output/ConsoleOutput))
#28 C:/Users/LENOVO/Desktop/Wesbite Sipetran/Website_Sipetran/vendor/laravel/framework/src/Illuminate/Foundation/Console/Kernel.php(198): Symfony/Component/Console/Application->run(Object(Symfony/Component/Console/Input/ArgvInput), Object(Symfony/Component/Console/Output/ConsoleOutput))
#29 C:/Users/LENOVO/Desktop/Wesbite Sipetran/Website_Sipetran/vendor/laravel/framework/src/Illuminate/Foundation/Application.php(1235): Illuminate/Foundation/Console/Kernel->handle(Object(Symfony/Component/Console/Input/ArgvInput), Object(Symfony/Component/Console/Output/ConsoleOutput))
#30 C:/Users/LENOVO/Desktop/Wesbite Sipetran/Website_Sipetran/artisan(11): Illuminate/Foundation/Application->handleCommand(Object(Symfony/Component/Console/Input/ArgvInput))
#31 {main}

[previous exception] [object] (PDOException(code: 2002): SQLSTATE[HY000] [2002] No connection could be made because the target machine actively refused it at C:/Users/LENOVO/Desktop/Wesbite Sipetran/Website_Sipetran/vendor/laravel/framework/src/Illuminate/Database/Connectors/Connector.php:66)
[stacktrace]
#0 C:/Users/LENOVO/Desktop/Wesbite Sipetran/Website_Sipetran/vendor/laravel/framework/src/Illuminate/Database/Connectors/Connector.php(66): PDO->__construct('mysql:host=127....', 'root', Object(SensitiveParameterValue), Array)
#1 C:/Users/LENOVO/Desktop/Wesbite Sipetran/Website_Sipetran/vendor/laravel/framework/src/Illuminate/Database/Connectors/Connector.php(85): Illuminate/Database/Connectors/Connector->createPdoConnection('mysql:host=127....', 'root', Object(SensitiveParameterValue), Array)
#2 C:/Users/LENOVO/Desktop/Wesbite Sipetran/Website_Sipetran/vendor/laravel/framework/src/Illuminate/Database/Connectors/Connector.php(48): Illuminate/Database/Connectors/Connector->tryAgainIfCausedByLostConnection(Object(PDOException), 'mysql:host=127....', 'root', Object(SensitiveParameterValue), Array)
#3 C:/Users/LENOVO/Desktop/Wesbite Sipetran/Website_Sipetran/vendor/laravel/framework/src/Illuminate/Database/Connectors/MySqlConnector.php(24): Illuminate/Database/Connectors/Connector->createConnection('mysql:host=127....', Array, Array)
#4 C:/Users/LENOVO/Desktop/Wesbite Sipetran/Website_Sipetran/vendor/laravel/framework/src/Illuminate/Database/Connectors/ConnectionFactory.php(185): Illuminate/Database/Connectors/MySqlConnector->connect(Array)
#5 [internal function]: Illuminate/Database/Connectors/ConnectionFactory->Illuminate/Database/Connectors/{closure}()
#6 C:/Users/LENOVO/Desktop/Wesbite Sipetran/Website_Sipetran/vendor/laravel/framework/src/Illuminate/Database/Connection.php(1231): call_user_func(Object(Closure))
#7 C:/Users/LENOVO/Desktop/Wesbite Sipetran/Website_Sipetran/vendor/laravel/framework/src/Illuminate/Database/Connection.php(1267): Illuminate/Database/Connection->getPdo()
#8 C:/Users/LENOVO/Desktop/Wesbite Sipetran/Website_Sipetran/vendor/laravel/framework/src/Illuminate/Database/Connection.php(512): Illuminate/Database/Connection->getReadPdo()
#9 C:/Users/LENOVO/Desktop/Wesbite Sipetran/Website_Sipetran/vendor/laravel/framework/src/Illuminate/Database/Connection.php(407): Illuminate/Database/Connection->getPdoForSelect(true)
#10 C:/Users/LENOVO/Desktop/Wesbite Sipetran/Website_Sipetran/vendor/laravel/framework/src/Illuminate/Database/Connection.php(812): Illuminate/Database/Connection->Illuminate/Database/{closure}('select exists (...', Array)
#11 C:/Users/LENOVO/Desktop/Wesbite Sipetran/Website_Sipetran/vendor/laravel/framework/src/Illuminate/Database/Connection.php(979): Illuminate/Database/Connection->runQueryCallback('select exists (...', Array, Object(Closure))
#12 C:/Users/LENOVO/Desktop/Wesbite Sipetran/Website_Sipetran/vendor/laravel/framework/src/Illuminate/Database/Connection.php(958): Illuminate/Database/Connection->tryAgainIfCausedByLostConnection(Object(Illuminate/Database/QueryException), 'select exists (...', Array, Object(Closure))
#13 C:/Users/LENOVO/Desktop/Wesbite Sipetran/Website_Sipetran/vendor/laravel/framework/src/Illuminate/Database/Connection.php(781): Illuminate/Database/Connection->handleQueryException(Object(Illuminate/Database/QueryException), 'select exists (...', Array, Object(Closure))
#14 C:/Users/LENOVO/Desktop/Wesbite Sipetran/Website_Sipetran/vendor/laravel/framework/src/Illuminate/Database/Connection.php(398): Illuminate/Database/Connection->run('select exists (...', Array, Object(Closure))
#15 C:/Users/LENOVO/Desktop/Wesbite Sipetran/Website_Sipetran/vendor/laravel/framework/src/Illuminate/Database/Connection.php(344): Illuminate/Database/Connection->select('select exists (...', Array, true)
#16 C:/Users/LENOVO/Desktop/Wesbite Sipetran/Website_Sipetran/vendor/laravel/framework/src/Illuminate/Database/Connection.php(361): Illuminate/Database/Connection->selectOne('select exists (...', Array, true)
#17 C:/Users/LENOVO/Desktop/Wesbite Sipetran/Website_Sipetran/vendor/laravel/framework/src/Illuminate/Database/Schema/MySqlBuilder.php(45): Illuminate/Database/Connection->scalar('select exists (...')
#18 C:/Users/LENOVO/Desktop/Wesbite Sipetran/Website_Sipetran/vendor/laravel/framework/src/Illuminate/Database/Migrations/DatabaseMigrationRepository.php(184): Illuminate/Database/Schema/MySqlBuilder->hasTable('migrations')
#19 C:/Users/LENOVO/Desktop/Wesbite Sipetran/Website_Sipetran/vendor/laravel/framework/src/Illuminate/Database/Migrations/Migrator.php(742): Illuminate/Database/Migrations/DatabaseMigrationRepository->repositoryExists()
#20 C:/Users/LENOVO/Desktop/Wesbite Sipetran/Website_Sipetran/vendor/laravel/framework/src/Illuminate/Database/Console/Migrations/MigrateCommand.php(165): Illuminate/Database/Migrations/Migrator->repositoryExists()
#21 C:/Users/LENOVO/Desktop/Wesbite Sipetran/Website_Sipetran/vendor/laravel/framework/src/Illuminate/Support/helpers.php(338): Illuminate/Database/Console/Migrations/MigrateCommand->Illuminate/Database/Console/Migrations/{closure}(1)
#22 C:/Users/LENOVO/Desktop/Wesbite Sipetran/Website_Sipetran/vendor/laravel/framework/src/Illuminate/Database/Console/Migrations/MigrateCommand.php(165): retry(1, Object(Closure), 0, Object(Closure))
#23 C:/Users/LENOVO/Desktop/Wesbite Sipetran/Website_Sipetran/vendor/laravel/framework/src/Illuminate/Database/Console/Migrations/MigrateCommand.php(141): Illuminate/Database/Console/Migrations/MigrateCommand->repositoryExists()
#24 C:/Users/LENOVO/Desktop/Wesbite Sipetran/Website_Sipetran/vendor/laravel/framework/src/Illuminate/Database/Console/Migrations/MigrateCommand.php(111): Illuminate/Database/Console/Migrations/MigrateCommand->prepareDatabase()
#25 C:/Users/LENOVO/Desktop/Wesbite Sipetran/Website_Sipetran/vendor/laravel/framework/src/Illuminate/Database/Migrations/Migrator.php(658): Illuminate/Database/Console/Migrations/MigrateCommand->Illuminate/Database/Console/Migrations/{closure}()
#26 C:/Users/LENOVO/Desktop/Wesbite Sipetran/Website_Sipetran/vendor/laravel/framework/src/Illuminate/Database/Console/Migrations/MigrateCommand.php(110): Illuminate/Database/Migrations/Migrator->usingConnection(NULL, Object(Closure))
#27 C:/Users/LENOVO/Desktop/Wesbite Sipetran/Website_Sipetran/vendor/laravel/framework/src/Illuminate/Database/Console/Migrations/MigrateCommand.php(89): Illuminate/Database/Console/Migrations/MigrateCommand->runMigrations()
#28 C:/Users/LENOVO/Desktop/Wesbite Sipetran/Website_Sipetran/vendor/laravel/framework/src/Illuminate/Container/BoundMethod.php(36): Illuminate/Database/Console/Migrations/MigrateCommand->handle()
#29 C:/Users/LENOVO/Desktop/Wesbite Sipetran/Website_Sipetran/vendor/laravel/framework/src/Illuminate/Container/Util.php(43): Illuminate/Container/BoundMethod::Illuminate/Container/{closure}()
#30 C:/Users/LENOVO/Desktop/Wesbite Sipetran/Website_Sipetran/vendor/laravel/framework/src/Illuminate/Container/BoundMethod.php(95): Illuminate/Container/Util::unwrapIfClosure(Object(Closure))
#31 C:/Users/LENOVO/Desktop/Wesbite Sipetran/Website_Sipetran/vendor/laravel/framework/src/Illuminate/Container/BoundMethod.php(35): Illuminate/Container/BoundMethod::callBoundMethod(Object(Illuminate/Foundation/Application), Array, Object(Closure))
#32 C:/Users/LENOVO/Desktop/Wesbite Sipetran/Website_Sipetran/vendor/laravel/framework/src/Illuminate/Container/Container.php(696): Illuminate/Container/BoundMethod::call(Object(Illuminate/Foundation/Application), Array, Array, NULL)
#33 C:/Users/LENOVO/Desktop/Wesbite Sipetran/Website_Sipetran/vendor/laravel/framework/src/Illuminate/Console/Command.php(213): Illuminate/Container/Container->call(Array)
#34 C:/Users/LENOVO/Desktop/Wesbite Sipetran/Website_Sipetran/vendor/symfony/console/Command/Command.php(341): Illuminate/Console/Command->execute(Object(Symfony/Component/Console/Input/ArgvInput), Object(Illuminate/Console/OutputStyle))
#35 C:/Users/LENOVO/Desktop/Wesbite Sipetran/Website_Sipetran/vendor/laravel/framework/src/Illuminate/Console/Command.php(182): Symfony/Component/Console/Command/Command->run(Object(Symfony/Component/Console/Input/ArgvInput), Object(Illuminate/Console/OutputStyle))
#36 C:/Users/LENOVO/Desktop/Wesbite Sipetran/Website_Sipetran/vendor/symfony/console/Application.php(1117): Illuminate/Console/Command->run(Object(Symfony/Component/Console/Input/ArgvInput), Object(Symfony/Component/Console/Output/ConsoleOutput))
#37 C:/Users/LENOVO/Desktop/Wesbite Sipetran/Website_Sipetran/vendor/symfony/console/Application.php(356): Symfony/Component/Console/Application->doRunCommand(Object(Illuminate/Database/Console/Migrations/MigrateCommand), Object(Symfony/Component/Console/Input/ArgvInput), Object(Symfony/Component/Console/Output/ConsoleOutput))
#38 C:/Users/LENOVO/Desktop/Wesbite Sipetran/Website_Sipetran/vendor/symfony/console/Application.php(195): Symfony/Component/Console/Application->doRun(Object(Symfony/Component/Console/Input/ArgvInput), Object(Symfony/Component/Console/Output/ConsoleOutput))
#39 C:/Users/LENOVO/Desktop/Wesbite Sipetran/Website_Sipetran/vendor/laravel/framework/src/Illuminate/Foundation/Console/Kernel.php(198): Symfony/Component/Console/Application->run(Object(Symfony/Component/Console/Input/ArgvInput), Object(Symfony/Component/Console/Output/ConsoleOutput))
#40 C:/Users/LENOVO/Desktop/Wesbite Sipetran/Website_Sipetran/vendor/laravel/framework/src/Illuminate/Foundation/Application.php(1235): Illuminate/Foundation/Console/Kernel->handle(Object(Symfony/Component/Console/Input/ArgvInput), Object(Symfony/Component/Console/Output/ConsoleOutput))
#41 C:/Users/LENOVO/Desktop/Wesbite Sipetran/Website_Sipetran/artisan(11): Illuminate/Foundation/Application->handleCommand(Object(Symfony/Component/Console/Input/ArgvInput))
#42 {main}
"} 
[2026-08-07 21:29:39] local.ERROR: SQLSTATE[HY000] [2002] No connection could be made because the target machine actively refused it (Connection: mysql, SQL: select * from `kegiatan` order by `urutan` asc, `id` asc) {"exception":"[object] (Illuminate\\Database\\QueryException(code: 2002): SQLSTATE[HY000] [2002] No connection could be made because the target machine actively refused it (Connection: mysql, SQL: select * from `kegiatan` order by `urutan` asc, `id` asc) at C:/Users/LENOVO/Desktop/Wesbite Sipetran/Website_Sipetran/vendor/laravel/framework/src/Illuminate/Database/Connection.php:825)
[stacktrace]
#0 C:/Users/LENOVO/Desktop/Wesbite Sipetran/Website_Sipetran/vendor/laravel/framework/src/Illuminate/Database/Connection.php(979): Illuminate/Database/Connection->runQueryCallback('select * from `...', Array, Object(Closure))
#1 C:/Users/LENOVO/Desktop/Wesbite Sipetran/Website_Sipetran/vendor/laravel/framework/src/Illuminate/Database/Connection.php(958): Illuminate/Database/Connection->tryAgainIfCausedByLostConnection(Object(Illuminate/Database/QueryException), 'select * from `...', Array, Object(Closure))
#2 C:/Users/LENOVO/Desktop/Wesbite Sipetran/Website_Sipetran/vendor/laravel/framework/src/Illuminate/Database/Connection.php(781): Illuminate/Database/Connection->handleQueryException(Object(Illuminate/Database/QueryException), 'select * from `...', Array, Object(Closure))
#3 C:/Users/LENOVO/Desktop/Wesbite Sipetran/Website_Sipetran/vendor/laravel/framework/src/Illuminate/Database/Connection.php(398): Illuminate/Database/Connection->run('select * from `...', Array, Object(Closure))
#4 C:/Users/LENOVO/Desktop/Wesbite Sipetran/Website_Sipetran/vendor/laravel/framework/src/Illuminate/Database/Query/Builder.php(3106): Illuminate/Database/Connection->select('select * from `...', Array, true)
#5 C:/Users/LENOVO/Desktop/Wesbite Sipetran/Website_Sipetran/vendor/laravel/framework/src/Illuminate/Database/Query/Builder.php(3091): Illuminate/Database/Query/Builder->runSelect()
#6 C:/Users/LENOVO/Desktop/Wesbite Sipetran/Website_Sipetran/vendor/laravel/framework/src/Illuminate/Database/Query/Builder.php(3676): Illuminate/Database/Query/Builder->Illuminate/Database/Query/{closure}()
#7 C:/Users/LENOVO/Desktop/Wesbite Sipetran/Website_Sipetran/vendor/laravel/framework/src/Illuminate/Database/Query/Builder.php(3090): Illuminate/Database/Query/Builder->onceWithColumns(Array, Object(Closure))
#8 C:/Users/LENOVO/Desktop/Wesbite Sipetran/Website_Sipetran/vendor/laravel/framework/src/Illuminate/Database/Eloquent/Builder.php(811): Illuminate/Database/Query/Builder->get(Array)
#9 C:/Users/LENOVO/Desktop/Wesbite Sipetran/Website_Sipetran/vendor/laravel/framework/src/Illuminate/Database/Eloquent/Builder.php(793): Illuminate/Database/Eloquent/Builder->getModels(Array)
#10 C:/Users/LENOVO/Desktop/Wesbite Sipetran/Website_Sipetran/app/Http/Controllers/KegiatanController.php(20): Illuminate/Database/Eloquent/Builder->get()
#11 C:/Users/LENOVO/Desktop/Wesbite Sipetran/Website_Sipetran/vendor/laravel/framework/src/Illuminate/Routing/ControllerDispatcher.php(47): App/Http/Controllers/KegiatanController->index()
#12 C:/Users/LENOVO/Desktop/Wesbite Sipetran/Website_Sipetran/vendor/laravel/framework/src/Illuminate/Routing/Route.php(266): Illuminate/Routing/ControllerDispatcher->dispatch(Object(Illuminate/Routing/Route), Object(App/Http/Controllers/KegiatanController), 'index')
#13 C:/Users/LENOVO/Desktop/Wesbite Sipetran/Website_Sipetran/vendor/laravel/framework/src/Illuminate/Routing/Route.php(212): Illuminate/Routing/Route->runController()
#14 C:/Users/LENOVO/Desktop/Wesbite Sipetran/Website_Sipetran/vendor/laravel/framework/src/Illuminate/Routing/Router.php(808): Illuminate/Routing/Route->run()
#15 C:/Users/LENOVO/Desktop/Wesbite Sipetran/Website_Sipetran/vendor/laravel/framework/src/Illuminate/Pipeline/Pipeline.php(170): Illuminate/Routing/Router->Illuminate/Routing/{closure}(Object(Illuminate/Http/Request))
#16 C:/Users/LENOVO/Desktop/Wesbite Sipetran/Website_Sipetran/vendor/laravel/framework/src/Illuminate/Routing/Middleware/SubstituteBindings.php(51): Illuminate/Pipeline/Pipeline->Illuminate/Pipeline/{closure}(Object(Illuminate/Http/Request))
#17 C:/Users/LENOVO/Desktop/Wesbite Sipetran/Website_Sipetran/vendor/laravel/framework/src/Illuminate/Pipeline/Pipeline.php(209): Illuminate/Routing/Middleware/SubstituteBindings->handle(Object(Illuminate/Http/Request), Object(Closure))
#18 C:/Users/LENOVO/Desktop/Wesbite Sipetran/Website_Sipetran/vendor/laravel/framework/src/Illuminate/Foundation/Http/Middleware/VerifyCsrfToken.php(88): Illuminate/Pipeline/Pipeline->Illuminate/Pipeline/{closure}(Object(Illuminate/Http/Request))
#19 C:/Users/LENOVO/Desktop/Wesbite Sipetran/Website_Sipetran/vendor/laravel/framework/src/Illuminate/Pipeline/Pipeline.php(209): Illuminate/Foundation/Http/Middleware/VerifyCsrfToken->handle(Object(Illuminate/Http/Request), Object(Closure))
#20 C:/Users/LENOVO/Desktop/Wesbite Sipetran/Website_Sipetran/vendor/laravel/framework/src/Illuminate/View/Middleware/ShareErrorsFromSession.php(49): Illuminate/Pipeline/Pipeline->Illuminate/Pipeline/{closure}(Object(Illuminate/Http/Request))
#21 C:/Users/LENOVO/Desktop/Wesbite Sipetran/Website_Sipetran/vendor/laravel/framework/src/Illuminate/Pipeline/Pipeline.php(209): Illuminate/View/Middleware/ShareErrorsFromSession->handle(Object(Illuminate/Http/Request), Object(Closure))
#22 C:/Users/LENOVO/Desktop/Wesbite Sipetran/Website_Sipetran/vendor/laravel/framework/src/Illuminate/Session/Middleware/StartSession.php(121): Illuminate/Pipeline/Pipeline->Illuminate/Pipeline/{closure}(Object(Illuminate/Http/Request))
#23 C:/Users/LENOVO/Desktop/Wesbite Sipetran/Website_Sipetran/vendor/laravel/framework/src/Illuminate/Session/Middleware/StartSession.php(64): Illuminate/Session/Middleware/StartSession->handleStatefulRequest(Object(Illuminate/Http/Request), Object(Illuminate/Session/Store), Object(Closure))
#24 C:/Users/LENOVO/Desktop/Wesbite Sipetran/Website_Sipetran/vendor/laravel/framework/src/Illuminate/Pipeline/Pipeline.php(209): Illuminate/Session/Middleware/StartSession->handle(Object(Illuminate/Http/Request), Object(Closure))
#25 C:/Users/LENOVO/Desktop/Wesbite Sipetran/Website_Sipetran/vendor/laravel/framework/src/Illuminate/Cookie/Middleware/AddQueuedCookiesToResponse.php(37): Illuminate/Pipeline/Pipeline->Illuminate/Pipeline/{closure}(Object(Illuminate/Http/Request))
#26 C:/Users/LENOVO/Desktop/Wesbite Sipetran/Website_Sipetran/vendor/laravel/framework/src/Illuminate/Pipeline/Pipeline.php(209): Illuminate/Cookie/Middleware/AddQueuedCookiesToResponse->handle(Object(Illuminate/Http/Request), Object(Closure))
#27 C:/Users/LENOVO/Desktop/Wesbite Sipetran/Website_Sipetran/vendor/laravel/framework/src/Illuminate/Cookie/Middleware/EncryptCookies.php(75): Illuminate/Pipeline/Pipeline->Illuminate/Pipeline/{closure}(Object(Illuminate/Http/Request))
#28 C:/Users/LENOVO/Desktop/Wesbite Sipetran/Website_Sipetran/vendor/laravel/framework/src/Illuminate/Pipeline/Pipeline.php(209): Illuminate/Cookie/Middleware/EncryptCookies->handle(Object(Illuminate/Http/Request), Object(Closure))
#29 C:/Users/LENOVO/Desktop/Wesbite Sipetran/Website_Sipetran/vendor/laravel/framework/src/Illuminate/Pipeline/Pipeline.php(127): Illuminate/Pipeline/Pipeline->Illuminate/Pipeline/{closure}(Object(Illuminate/Http/Request))
#30 C:/Users/LENOVO/Desktop/Wesbite Sipetran/Website_Sipetran/vendor/laravel/framework/src/Illuminate/Routing/Router.php(807): Illuminate/Pipeline/Pipeline->then(Object(Closure))
#31 C:/Users/LENOVO/Desktop/Wesbite Sipetran/Website_Sipetran/vendor/laravel/framework/src/Illuminate/Routing/Router.php(786): Illuminate/Routing/Router->runRouteWithinStack(Object(Illuminate/Routing/Route), Object(Illuminate/Http/Request))
#32 C:/Users/LENOVO/Desktop/Wesbite Sipetran/Website_Sipetran/vendor/laravel/framework/src/Illuminate/Routing/Router.php(750): Illuminate/Routing/Router->runRoute(Object(Illuminate/Http/Request), Object(Illuminate/Routing/Route))
#33 C:/Users/LENOVO/Desktop/Wesbite Sipetran/Website_Sipetran/vendor/laravel/framework/src/Illuminate/Routing/Router.php(739): Illuminate/Routing/Router->dispatchToRoute(Object(Illuminate/Http/Request))
#34 C:/Users/LENOVO/Desktop/Wesbite Sipetran/Website_Sipetran/vendor/laravel/framework/src/Illuminate/Foundation/Http/Kernel.php(201): Illuminate/Routing/Router->dispatch(Object(Illuminate/Http/Request))
#35 C:/Users/LENOVO/Desktop/Wesbite Sipetran/Website_Sipetran/vendor/laravel/framework/src/Illuminate/Pipeline/Pipeline.php(170): Illuminate/Foundation/Http/Kernel->Illuminate/Foundation/Http/{closure}(Object(Illuminate/Http/Request))
#36 C:/Users/LENOVO/Desktop/Wesbite Sipetran/Website_Sipetran/vendor/laravel/framework/src/Illuminate/Foundation/Http/Middleware/TransformsRequest.php(21): Illuminate/Pipeline/Pipeline->Illuminate/Pipeline/{closure}(Object(Illuminate/Http/Request))
#37 C:/Users/LENOVO/Desktop/Wesbite Sipetran/Website_Sipetran/vendor/laravel/framework/src/Illuminate/Foundation/Http/Middleware/ConvertEmptyStringsToNull.php(31): Illuminate/Foundation/Http/Middleware/TransformsRequest->handle(Object(Illuminate/Http/Request), Object(Closure))
#38 C:/Users/LENOVO/Desktop/Wesbite Sipetran/Website_Sipetran/vendor/laravel/framework/src/Illuminate/Pipeline/Pipeline.php(209): Illuminate/Foundation/Http/Middleware/ConvertEmptyStringsToNull->handle(Object(Illuminate/Http/Request), Object(Closure))
#39 C:/Users/LENOVO/Desktop/Wesbite Sipetran/Website_Sipetran/vendor/laravel/framework/src/Illuminate/Foundation/Http/Middleware/TransformsRequest.php(21): Illuminate/Pipeline/Pipeline->Illuminate/Pipeline/{closure}(Object(Illuminate/Http/Request))
#40 C:/Users/LENOVO/Desktop/Wesbite Sipetran/Website_Sipetran/vendor/laravel/framework/src/Illuminate/Foundation/Http/Middleware/TrimStrings.php(51): Illuminate/Foundation/Http/Middleware/TransformsRequest->handle(Object(Illuminate/Http/Request), Object(Closure))
#41 C:/Users/LENOVO/Desktop/Wesbite Sipetran/Website_Sipetran/vendor/laravel/framework/src/Illuminate/Pipeline/Pipeline.php(209): Illuminate/Foundation/Http/Middleware/TrimStrings->handle(Object(Illuminate/Http/Request), Object(Closure))
#42 C:/Users/LENOVO/Desktop/Wesbite Sipetran/Website_Sipetran/vendor/laravel/framework/src/Illuminate/Http/Middleware/ValidatePostSize.php(27): Illuminate/Pipeline/Pipeline->Illuminate/Pipeline/{closure}(Object(Illuminate/Http/Request))
#43 C:/Users/LENOVO/Desktop/Wesbite Sipetran/Website_Sipetran/vendor/laravel/framework/src/Illuminate/Pipeline/Pipeline.php(209): Illuminate/Http/Middleware/ValidatePostSize->handle(Object(Illuminate/Http/Request), Object(Closure))
#44 C:/Users/LENOVO/Desktop/Wesbite Sipetran/Website_Sipetran/vendor/laravel/framework/src/Illuminate/Foundation/Http/Middleware/PreventRequestsDuringMaintenance.php(110): Illuminate/Pipeline/Pipeline->Illuminate/Pipeline/{closure}(Object(Illuminate/Http/Request))
#45 C:/Users/LENOVO/Desktop/Wesbite Sipetran/Website_Sipetran/vendor/laravel/framework/src/Illuminate/Pipeline/Pipeline.php(209): Illuminate/Foundation/Http/Middleware/PreventRequestsDuringMaintenance->handle(Object(Illuminate/Http/Request), Object(Closure))
#46 C:/Users/LENOVO/Desktop/Wesbite Sipetran/Website_Sipetran/vendor/laravel/framework/src/Illuminate/Http/Middleware/HandleCors.php(49): Illuminate/Pipeline/Pipeline->Illuminate/Pipeline/{closure}(Object(Illuminate/Http/Request))
#47 C:/Users/LENOVO/Desktop/Wesbite Sipetran/Website_Sipetran/vendor/laravel/framework/src/Illuminate/Pipeline/Pipeline.php(209): Illuminate/Http/Middleware/HandleCors->handle(Object(Illuminate/Http/Request), Object(Closure))
#48 C:/Users/LENOVO/Desktop/Wesbite Sipetran/Website_Sipetran/vendor/laravel/framework/src/Illuminate/Http/Middleware/TrustProxies.php(58): Illuminate/Pipeline/Pipeline->Illuminate/Pipeline/{closure}(Object(Illuminate/Http/Request))
#49 C:/Users/LENOVO/Desktop/Wesbite Sipetran/Website_Sipetran/vendor/laravel/framework/src/Illuminate/Pipeline/Pipeline.php(209): Illuminate/Http/Middleware/TrustProxies->handle(Object(Illuminate/Http/Request), Object(Closure))
#50 C:/Users/LENOVO/Desktop/Wesbite Sipetran/Website_Sipetran/vendor/laravel/framework/src/Illuminate/Foundation/Http/Middleware/InvokeDeferredCallbacks.php(22): Illuminate/Pipeline/Pipeline->Illuminate/Pipeline/{closure}(Object(Illuminate/Http/Request))
#51 C:/Users/LENOVO/Desktop/Wesbite Sipetran/Website_Sipetran/vendor/laravel/framework/src/Illuminate/Pipeline/Pipeline.php(209): Illuminate/Foundation/Http/Middleware/InvokeDeferredCallbacks->handle(Object(Illuminate/Http/Request), Object(Closure))
#52 C:/Users/LENOVO/Desktop/Wesbite Sipetran/Website_Sipetran/vendor/laravel/framework/src/Illuminate/Pipeline/Pipeline.php(127): Illuminate/Pipeline/Pipeline->Illuminate/Pipeline/{closure}(Object(Illuminate/Http/Request))
#53 C:/Users/LENOVO/Desktop/Wesbite Sipetran/Website_Sipetran/vendor/laravel/framework/src/Illuminate/Foundation/Http/Kernel.php(176): Illuminate/Pipeline/Pipeline->then(Object(Closure))
#54 C:/Users/LENOVO/Desktop/Wesbite Sipetran/Website_Sipetran/vendor/laravel/framework/src/Illuminate/Foundation/Http/Kernel.php(145): Illuminate/Foundation/Http/Kernel->sendRequestThroughRouter(Object(Illuminate/Http/Request))
#55 C:/Users/LENOVO/Desktop/Wesbite Sipetran/Website_Sipetran/vendor/laravel/framework/src/Illuminate/Foundation/Application.php(1220): Illuminate/Foundation/Http/Kernel->handle(Object(Illuminate/Http/Request))
#56 C:/Users/LENOVO/Desktop/Wesbite Sipetran/Website_Sipetran/public/index.php(17): Illuminate/Foundation/Application->handleRequest(Object(Illuminate/Http/Request))
#57 C:/Users/LENOVO/Desktop/Wesbite Sipetran/Website_Sipetran/vendor/laravel/framework/src/Illuminate/Foundation/resources/server.php(23): require_once('C://Users//LENOVO...')
#58 {main}

[previous exception] [object] (PDOException(code: 2002): SQLSTATE[HY000] [2002] No connection could be made because the target machine actively refused it at C:/Users/LENOVO/Desktop/Wesbite Sipetran/Website_Sipetran/vendor/laravel/framework/src/Illuminate/Database/Connectors/Connector.php:66)
[stacktrace]
#0 C:/Users/LENOVO/Desktop/Wesbite Sipetran/Website_Sipetran/vendor/laravel/framework/src/Illuminate/Database/Connectors/Connector.php(66): PDO->__construct('mysql:host=127....', 'root', Object(SensitiveParameterValue), Array)
#1 C:/Users/LENOVO/Desktop/Wesbite Sipetran/Website_Sipetran/vendor/laravel/framework/src/Illuminate/Database/Connectors/Connector.php(85): Illuminate/Database/Connectors/Connector->createPdoConnection('mysql:host=127....', 'root', Object(SensitiveParameterValue), Array)
#2 C:/Users/LENOVO/Desktop/Wesbite Sipetran/Website_Sipetran/vendor/laravel/framework/src/Illuminate/Database/Connectors/Connector.php(48): Illuminate/Database/Connectors/Connector->tryAgainIfCausedByLostConnection(Object(PDOException), 'mysql:host=127....', 'root', Object(SensitiveParameterValue), Array)
#3 C:/Users/LENOVO/Desktop/Wesbite Sipetran/Website_Sipetran/vendor/laravel/framework/src/Illuminate/Database/Connectors/MySqlConnector.php(24): Illuminate/Database/Connectors/Connector->createConnection('mysql:host=127....', Array, Array)
#4 C:/Users/LENOVO/Desktop/Wesbite Sipetran/Website_Sipetran/vendor/laravel/framework/src/Illuminate/Database/Connectors/ConnectionFactory.php(185): Illuminate/Database/Connectors/MySqlConnector->connect(Array)
#5 [internal function]: Illuminate/Database/Connectors/ConnectionFactory->Illuminate/Database/Connectors/{closure}()
#6 C:/Users/LENOVO/Desktop/Wesbite Sipetran/Website_Sipetran/vendor/laravel/framework/src/Illuminate/Database/Connection.php(1231): call_user_func(Object(Closure))
#7 C:/Users/LENOVO/Desktop/Wesbite Sipetran/Website_Sipetran/vendor/laravel/framework/src/Illuminate/Database/Connection.php(1267): Illuminate/Database/Connection->getPdo()
#8 C:/Users/LENOVO/Desktop/Wesbite Sipetran/Website_Sipetran/vendor/laravel/framework/src/Illuminate/Database/Connection.php(512): Illuminate/Database/Connection->getReadPdo()
#9 C:/Users/LENOVO/Desktop/Wesbite Sipetran/Website_Sipetran/vendor/laravel/framework/src/Illuminate/Database/Connection.php(407): Illuminate/Database/Connection->getPdoForSelect(true)
#10 C:/Users/LENOVO/Desktop/Wesbite Sipetran/Website_Sipetran/vendor/laravel/framework/src/Illuminate/Database/Connection.php(812): Illuminate/Database/Connection->Illuminate/Database/{closure}('select * from `...', Array)
#11 C:/Users/LENOVO/Desktop/Wesbite Sipetran/Website_Sipetran/vendor/laravel/framework/src/Illuminate/Database/Connection.php(979): Illuminate/Database/Connection->runQueryCallback('select * from `...', Array, Object(Closure))
#12 C:/Users/LENOVO/Desktop/Wesbite Sipetran/Website_Sipetran/vendor/laravel/framework/src/Illuminate/Database/Connection.php(958): Illuminate/Database/Connection->tryAgainIfCausedByLostConnection(Object(Illuminate/Database/QueryException), 'select * from `...', Array, Object(Closure))
#13 C:/Users/LENOVO/Desktop/Wesbite Sipetran/Website_Sipetran/vendor/laravel/framework/src/Illuminate/Database/Connection.php(781): Illuminate/Database/Connection->handleQueryException(Object(Illuminate/Database/QueryException), 'select * from `...', Array, Object(Closure))
#14 C:/Users/LENOVO/Desktop/Wesbite Sipetran/Website_Sipetran/vendor/laravel/framework/src/Illuminate/Database/Connection.php(398): Illuminate/Database/Connection->run('select * from `...', Array, Object(Closure))
#15 C:/Users/LENOVO/Desktop/Wesbite Sipetran/Website_Sipetran/vendor/laravel/framework/src/Illuminate/Database/Query/Builder.php(3106): Illuminate/Database/Connection->select('select * from `...', Array, true)
#16 C:/Users/LENOVO/Desktop/Wesbite Sipetran/Website_Sipetran/vendor/laravel/framework/src/Illuminate/Database/Query/Builder.php(3091): Illuminate/Database/Query/Builder->runSelect()
#17 C:/Users/LENOVO/Desktop/Wesbite Sipetran/Website_Sipetran/vendor/laravel/framework/src/Illuminate/Database/Query/Builder.php(3676): Illuminate/Database/Query/Builder->Illuminate/Database/Query/{closure}()
#18 C:/Users/LENOVO/Desktop/Wesbite Sipetran/Website_Sipetran/vendor/laravel/framework/src/Illuminate/Database/Query/Builder.php(3090): Illuminate/Database/Query/Builder->onceWithColumns(Array, Object(Closure))
#19 C:/Users/LENOVO/Desktop/Wesbite Sipetran/Website_Sipetran/vendor/laravel/framework/src/Illuminate/Database/Eloquent/Builder.php(811): Illuminate/Database/Query/Builder->get(Array)
#20 C:/Users/LENOVO/Desktop/Wesbite Sipetran/Website_Sipetran/vendor/laravel/framework/src/Illuminate/Database/Eloquent/Builder.php(793): Illuminate/Database/Eloquent/Builder->getModels(Array)
#21 C:/Users/LENOVO/Desktop/Wesbite Sipetran/Website_Sipetran/app/Http/Controllers/KegiatanController.php(20): Illuminate/Database/Eloquent/Builder->get()
#22 C:/Users/LENOVO/Desktop/Wesbite Sipetran/Website_Sipetran/vendor/laravel/framework/src/Illuminate/Routing/ControllerDispatcher.php(47): App/Http/Controllers/KegiatanController->index()
#23 C:/Users/LENOVO/Desktop/Wesbite Sipetran/Website_Sipetran/vendor/laravel/framework/src/Illuminate/Routing/Route.php(266): Illuminate/Routing/ControllerDispatcher->dispatch(Object(Illuminate/Routing/Route), Object(App/Http/Controllers/KegiatanController), 'index')
#24 C:/Users/LENOVO/Desktop/Wesbite Sipetran/Website_Sipetran/vendor/laravel/framework/src/Illuminate/Routing/Route.php(212): Illuminate/Routing/Route->runController()
#25 C:/Users/LENOVO/Desktop/Wesbite Sipetran/Website_Sipetran/vendor/laravel/framework/src/Illuminate/Routing/Router.php(808): Illuminate/Routing/Route->run()
#26 C:/Users/LENOVO/Desktop/Wesbite Sipetran/Website_Sipetran/vendor/laravel/framework/src/Illuminate/Pipeline/Pipeline.php(170): Illuminate/Routing/Router->Illuminate/Routing/{closure}(Object(Illuminate/Http/Request))
#27 C:/Users/LENOVO/Desktop/Wesbite Sipetran/Website_Sipetran/vendor/laravel/framework/src/Illuminate/Routing/Middleware/SubstituteBindings.php(51): Illuminate/Pipeline/Pipeline->Illuminate/Pipeline/{closure}(Object(Illuminate/Http/Request))
#28 C:/Users/LENOVO/Desktop/Wesbite Sipetran/Website_Sipetran/vendor/laravel/framework/src/Illuminate/Pipeline/Pipeline.php(209): Illuminate/Routing/Middleware/SubstituteBindings->handle(Object(Illuminate/Http/Request), Object(Closure))
#29 C:/Users/LENOVO/Desktop/Wesbite Sipetran/Website_Sipetran/vendor/laravel/framework/src/Illuminate/Foundation/Http/Middleware/VerifyCsrfToken.php(88): Illuminate/Pipeline/Pipeline->Illuminate/Pipeline/{closure}(Object(Illuminate/Http/Request))
#30 C:/Users/LENOVO/Desktop/Wesbite Sipetran/Website_Sipetran/vendor/laravel/framework/src/Illuminate/Pipeline/Pipeline.php(209): Illuminate/Foundation/Http/Middleware/VerifyCsrfToken->handle(Object(Illuminate/Http/Request), Object(Closure))
#31 C:/Users/LENOVO/Desktop/Wesbite Sipetran/Website_Sipetran/vendor/laravel/framework/src/Illuminate/View/Middleware/ShareErrorsFromSession.php(49): Illuminate/Pipeline/Pipeline->Illuminate/Pipeline/{closure}(Object(Illuminate/Http/Request))
#32 C:/Users/LENOVO/Desktop/Wesbite Sipetran/Website_Sipetran/vendor/laravel/framework/src/Illuminate/Pipeline/Pipeline.php(209): Illuminate/View/Middleware/ShareErrorsFromSession->handle(Object(Illuminate/Http/Request), Object(Closure))
#33 C:/Users/LENOVO/Desktop/Wesbite Sipetran/Website_Sipetran/vendor/laravel/framework/src/Illuminate/Session/Middleware/StartSession.php(121): Illuminate/Pipeline/Pipeline->Illuminate/Pipeline/{closure}(Object(Illuminate/Http/Request))
#34 C:/Users/LENOVO/Desktop/Wesbite Sipetran/Website_Sipetran/vendor/laravel/framework/src/Illuminate/Session/Middleware/StartSession.php(64): Illuminate/Session/Middleware/StartSession->handleStatefulRequest(Object(Illuminate/Http/Request), Object(Illuminate/Session/Store), Object(Closure))
#35 C:/Users/LENOVO/Desktop/Wesbite Sipetran/Website_Sipetran/vendor/laravel/framework/src/Illuminate/Pipeline/Pipeline.php(209): Illuminate/Session/Middleware/StartSession->handle(Object(Illuminate/Http/Request), Object(Closure))
#36 C:/Users/LENOVO/Desktop/Wesbite Sipetran/Website_Sipetran/vendor/laravel/framework/src/Illuminate/Cookie/Middleware/AddQueuedCookiesToResponse.php(37): Illuminate/Pipeline/Pipeline->Illuminate/Pipeline/{closure}(Object(Illuminate/Http/Request))
#37 C:/Users/LENOVO/Desktop/Wesbite Sipetran/Website_Sipetran/vendor/laravel/framework/src/Illuminate/Pipeline/Pipeline.php(209): Illuminate/Cookie/Middleware/AddQueuedCookiesToResponse->handle(Object(Illuminate/Http/Request), Object(Closure))
#38 C:/Users/LENOVO/Desktop/Wesbite Sipetran/Website_Sipetran/vendor/laravel/framework/src/Illuminate/Cookie/Middleware/EncryptCookies.php(75): Illuminate/Pipeline/Pipeline->Illuminate/Pipeline/{closure}(Object(Illuminate/Http/Request))
#39 C:/Users/LENOVO/Desktop/Wesbite Sipetran/Website_Sipetran/vendor/laravel/framework/src/Illuminate/Pipeline/Pipeline.php(209): Illuminate/Cookie/Middleware/EncryptCookies->handle(Object(Illuminate/Http/Request), Object(Closure))
#40 C:/Users/LENOVO/Desktop/Wesbite Sipetran/Website_Sipetran/vendor/laravel/framework/src/Illuminate/Pipeline/Pipeline.php(127): Illuminate/Pipeline/Pipeline->Illuminate/Pipeline/{closure}(Object(Illuminate/Http/Request))
#41 C:/Users/LENOVO/Desktop/Wesbite Sipetran/Website_Sipetran/vendor/laravel/framework/src/Illuminate/Routing/Router.php(807): Illuminate/Pipeline/Pipeline->then(Object(Closure))
#42 C:/Users/LENOVO/Desktop/Wesbite Sipetran/Website_Sipetran/vendor/laravel/framework/src/Illuminate/Routing/Router.php(786): Illuminate/Routing/Router->runRouteWithinStack(Object(Illuminate/Routing/Route), Object(Illuminate/Http/Request))
#43 C:/Users/LENOVO/Desktop/Wesbite Sipetran/Website_Sipetran/vendor/laravel/framework/src/Illuminate/Routing/Router.php(750): Illuminate/Routing/Router->runRoute(Object(Illuminate/Http/Request), Object(Illuminate/Routing/Route))
#44 C:/Users/LENOVO/Desktop/Wesbite Sipetran/Website_Sipetran/vendor/laravel/framework/src/Illuminate/Routing/Router.php(739): Illuminate/Routing/Router->dispatchToRoute(Object(Illuminate/Http/Request))
#45 C:/Users/LENOVO/Desktop/Wesbite Sipetran/Website_Sipetran/vendor/laravel/framework/src/Illuminate/Foundation/Http/Kernel.php(201): Illuminate/Routing/Router->dispatch(Object(Illuminate/Http/Request))
#46 C:/Users/LENOVO/Desktop/Wesbite Sipetran/Website_Sipetran/vendor/laravel/framework/src/Illuminate/Pipeline/Pipeline.php(170): Illuminate/Foundation/Http/Kernel->Illuminate/Foundation/Http/{closure}(Object(Illuminate/Http/Request))
#47 C:/Users/LENOVO/Desktop/Wesbite Sipetran/Website_Sipetran/vendor/laravel/framework/src/Illuminate/Foundation/Http/Middleware/TransformsRequest.php(21): Illuminate/Pipeline/Pipeline->Illuminate/Pipeline/{closure}(Object(Illuminate/Http/Request))
#48 C:/Users/LENOVO/Desktop/Wesbite Sipetran/Website_Sipetran/vendor/laravel/framework/src/Illuminate/Foundation/Http/Middleware/ConvertEmptyStringsToNull.php(31): Illuminate/Foundation/Http/Middleware/TransformsRequest->handle(Object(Illuminate/Http/Request), Object(Closure))
#49 C:/Users/LENOVO/Desktop/Wesbite Sipetran/Website_Sipetran/vendor/laravel/framework/src/Illuminate/Pipeline/Pipeline.php(209): Illuminate/Foundation/Http/Middleware/ConvertEmptyStringsToNull->handle(Object(Illuminate/Http/Request), Object(Closure))
#50 C:/Users/LENOVO/Desktop/Wesbite Sipetran/Website_Sipetran/vendor/laravel/framework/src/Illuminate/Foundation/Http/Middleware/TransformsRequest.php(21): Illuminate/Pipeline/Pipeline->Illuminate/Pipeline/{closure}(Object(Illuminate/Http/Request))
#51 C:/Users/LENOVO/Desktop/Wesbite Sipetran/Website_Sipetran/vendor/laravel/framework/src/Illuminate/Foundation/Http/Middleware/TrimStrings.php(51): Illuminate/Foundation/Http/Middleware/TransformsRequest->handle(Object(Illuminate/Http/Request), Object(Closure))
#52 C:/Users/LENOVO/Desktop/Wesbite Sipetran/Website_Sipetran/vendor/laravel/framework/src/Illuminate/Pipeline/Pipeline.php(209): Illuminate/Foundation/Http/Middleware/TrimStrings->handle(Object(Illuminate/Http/Request), Object(Closure))
#53 C:/Users/LENOVO/Desktop/Wesbite Sipetran/Website_Sipetran/vendor/laravel/framework/src/Illuminate/Http/Middleware/ValidatePostSize.php(27): Illuminate/Pipeline/Pipeline->Illuminate/Pipeline/{closure}(Object(Illuminate/Http/Request))
#54 C:/Users/LENOVO/Desktop/Wesbite Sipetran/Website_Sipetran/vendor/laravel/framework/src/Illuminate/Pipeline/Pipeline.php(209): Illuminate/Http/Middleware/ValidatePostSize->handle(Object(Illuminate/Http/Request), Object(Closure))
#55 C:/Users/LENOVO/Desktop/Wesbite Sipetran/Website_Sipetran/vendor/laravel/framework/src/Illuminate/Foundation/Http/Middleware/PreventRequestsDuringMaintenance.php(110): Illuminate/Pipeline/Pipeline->Illuminate/Pipeline/{closure}(Object(Illuminate/Http/Request))
#56 C:/Users/LENOVO/Desktop/Wesbite Sipetran/Website_Sipetran/vendor/laravel/framework/src/Illuminate/Pipeline/Pipeline.php(209): Illuminate/Foundation/Http/Middleware/PreventRequestsDuringMaintenance->handle(Object(Illuminate/Http/Request), Object(Closure))
#57 C:/Users/LENOVO/Desktop/Wesbite Sipetran/Website_Sipetran/vendor/laravel/framework/src/Illuminate/Http/Middleware/HandleCors.php(49): Illuminate/Pipeline/Pipeline->Illuminate/Pipeline/{closure}(Object(Illuminate/Http/Request))
#58 C:/Users/LENOVO/Desktop/Wesbite Sipetran/Website_Sipetran/vendor/laravel/framework/src/Illuminate/Pipeline/Pipeline.php(209): Illuminate/Http/Middleware/HandleCors->handle(Object(Illuminate/Http/Request), Object(Closure))
#59 C:/Users/LENOVO/Desktop/Wesbite Sipetran/Website_Sipetran/vendor/laravel/framework/src/Illuminate/Http/Middleware/TrustProxies.php(58): Illuminate/Pipeline/Pipeline->Illuminate/Pipeline/{closure}(Object(Illuminate/Http/Request))
#60 C:/Users/LENOVO/Desktop/Wesbite Sipetran/Website_Sipetran/vendor/laravel/framework/src/Illuminate/Pipeline/Pipeline.php(209): Illuminate/Http/Middleware/TrustProxies->handle(Object(Illuminate/Http/Request), Object(Closure))
#61 C:/Users/LENOVO/Desktop/Wesbite Sipetran/Website_Sipetran/vendor/laravel/framework/src/Illuminate/Foundation/Http/Middleware/InvokeDeferredCallbacks.php(22): Illuminate/Pipeline/Pipeline->Illuminate/Pipeline/{closure}(Object(Illuminate/Http/Request))
#62 C:/Users/LENOVO/Desktop/Wesbite Sipetran/Website_Sipetran/vendor/laravel/framework/src/Illuminate/Pipeline/Pipeline.php(209): Illuminate/Foundation/Http/Middleware/InvokeDeferredCallbacks->handle(Object(Illuminate/Http/Request), Object(Closure))
#63 C:/Users/LENOVO/Desktop/Wesbite Sipetran/Website_Sipetran/vendor/laravel/framework/src/Illuminate/Pipeline/Pipeline.php(127): Illuminate/Pipeline/Pipeline->Illuminate/Pipeline/{closure}(Object(Illuminate/Http/Request))
#64 C:/Users/LENOVO/Desktop/Wesbite Sipetran/Website_Sipetran/vendor/laravel/framework/src/Illuminate/Foundation/Http/Kernel.php(176): Illuminate/Pipeline/Pipeline->then(Object(Closure))
#65 C:/Users/LENOVO/Desktop/Wesbite Sipetran/Website_Sipetran/vendor/laravel/framework/src/Illuminate/Foundation/Http/Kernel.php(145): Illuminate/Foundation/Http/Kernel->sendRequestThroughRouter(Object(Illuminate/Http/Request))
#66 C:/Users/LENOVO/Desktop/Wesbite Sipetran/Website_Sipetran/vendor/laravel/framework/src/Illuminate/Foundation/Application.php(1220): Illuminate/Foundation/Http/Kernel->handle(Object(Illuminate/Http/Request))
#67 C:/Users/LENOVO/Desktop/Wesbite Sipetran/Website_Sipetran/public/index.php(17): Illuminate/Foundation/Application->handleRequest(Object(Illuminate/Http/Request))
#68 C:/Users/LENOVO/Desktop/Wesbite Sipetran/Website_Sipetran/vendor/laravel/framework/src/Illuminate/Foundation/resources/server.php(23): require_once('C://Users//LENOVO...')
#69 {main}
"} 
[2026-08-07 21:31:18] local.ERROR: SQLSTATE[HY000]: General error: 26 file is not a database (Connection: sqlite, SQL: select exists (select 1 from sqlite_master where name = 'migrations' and type = 'table') as "exists") {"exception":"[object] (Illuminate\\Database\\QueryException(code: HY000): SQLSTATE[HY000]: General error: 26 file is not a database (Connection: sqlite, SQL: select exists (select 1 from sqlite_master where name = 'migrations' and type = 'table') as \"exists\") at C:/Users/LENOVO/Desktop/Wesbite Sipetran/Website_Sipetran/vendor/laravel/framework/src/Illuminate/Database/Connection.php:825)
[stacktrace]
#0 C:/Users/LENOVO/Desktop/Wesbite Sipetran/Website_Sipetran/vendor/laravel/framework/src/Illuminate/Database/Connection.php(779): Illuminate/Database/Connection->runQueryCallback('select exists (...', Array, Object(Closure))
#1 C:/Users/LENOVO/Desktop/Wesbite Sipetran/Website_Sipetran/vendor/laravel/framework/src/Illuminate/Database/Connection.php(398): Illuminate/Database/Connection->run('select exists (...', Array, Object(Closure))
#2 C:/Users/LENOVO/Desktop/Wesbite Sipetran/Website_Sipetran/vendor/laravel/framework/src/Illuminate/Database/Connection.php(344): Illuminate/Database/Connection->select('select exists (...', Array, true)
#3 C:/Users/LENOVO/Desktop/Wesbite Sipetran/Website_Sipetran/vendor/laravel/framework/src/Illuminate/Database/Connection.php(361): Illuminate/Database/Connection->selectOne('select exists (...', Array, true)
#4 C:/Users/LENOVO/Desktop/Wesbite Sipetran/Website_Sipetran/vendor/laravel/framework/src/Illuminate/Database/Schema/SQLiteBuilder.php(44): Illuminate/Database/Connection->scalar('select exists (...')
#5 C:/Users/LENOVO/Desktop/Wesbite Sipetran/Website_Sipetran/vendor/laravel/framework/src/Illuminate/Database/Migrations/DatabaseMigrationRepository.php(184): Illuminate/Database/Schema/SQLiteBuilder->hasTable('migrations')
#6 C:/Users/LENOVO/Desktop/Wesbite Sipetran/Website_Sipetran/vendor/laravel/framework/src/Illuminate/Database/Migrations/Migrator.php(742): Illuminate/Database/Migrations/DatabaseMigrationRepository->repositoryExists()
#7 C:/Users/LENOVO/Desktop/Wesbite Sipetran/Website_Sipetran/vendor/laravel/framework/src/Illuminate/Database/Console/Migrations/MigrateCommand.php(165): Illuminate/Database/Migrations/Migrator->repositoryExists()
#8 C:/Users/LENOVO/Desktop/Wesbite Sipetran/Website_Sipetran/vendor/laravel/framework/src/Illuminate/Support/helpers.php(338): Illuminate/Database/Console/Migrations/MigrateCommand->Illuminate/Database/Console/Migrations/{closure}(1)
#9 C:/Users/LENOVO/Desktop/Wesbite Sipetran/Website_Sipetran/vendor/laravel/framework/src/Illuminate/Database/Console/Migrations/MigrateCommand.php(165): retry(1, Object(Closure), 0, Object(Closure))
#10 C:/Users/LENOVO/Desktop/Wesbite Sipetran/Website_Sipetran/vendor/laravel/framework/src/Illuminate/Database/Console/Migrations/MigrateCommand.php(141): Illuminate/Database/Console/Migrations/MigrateCommand->repositoryExists()
#11 C:/Users/LENOVO/Desktop/Wesbite Sipetran/Website_Sipetran/vendor/laravel/framework/src/Illuminate/Database/Console/Migrations/MigrateCommand.php(111): Illuminate/Database/Console/Migrations/MigrateCommand->prepareDatabase()
#12 C:/Users/LENOVO/Desktop/Wesbite Sipetran/Website_Sipetran/vendor/laravel/framework/src/Illuminate/Database/Migrations/Migrator.php(658): Illuminate/Database/Console/Migrations/MigrateCommand->Illuminate/Database/Console/Migrations/{closure}()
#13 C:/Users/LENOVO/Desktop/Wesbite Sipetran/Website_Sipetran/vendor/laravel/framework/src/Illuminate/Database/Console/Migrations/MigrateCommand.php(110): Illuminate/Database/Migrations/Migrator->usingConnection(NULL, Object(Closure))
#14 C:/Users/LENOVO/Desktop/Wesbite Sipetran/Website_Sipetran/vendor/laravel/framework/src/Illuminate/Database/Console/Migrations/MigrateCommand.php(89): Illuminate/Database/Console/Migrations/MigrateCommand->runMigrations()
#15 C:/Users/LENOVO/Desktop/Wesbite Sipetran/Website_Sipetran/vendor/laravel/framework/src/Illuminate/Container/BoundMethod.php(36): Illuminate/Database/Console/Migrations/MigrateCommand->handle()
#16 C:/Users/LENOVO/Desktop/Wesbite Sipetran/Website_Sipetran/vendor/laravel/framework/src/Illuminate/Container/Util.php(43): Illuminate/Container/BoundMethod::Illuminate/Container/{closure}()
#17 C:/Users/LENOVO/Desktop/Wesbite Sipetran/Website_Sipetran/vendor/laravel/framework/src/Illuminate/Container/BoundMethod.php(95): Illuminate/Container/Util::unwrapIfClosure(Object(Closure))
#18 C:/Users/LENOVO/Desktop/Wesbite Sipetran/Website_Sipetran/vendor/laravel/framework/src/Illuminate/Container/BoundMethod.php(35): Illuminate/Container/BoundMethod::callBoundMethod(Object(Illuminate/Foundation/Application), Array, Object(Closure))
#19 C:/Users/LENOVO/Desktop/Wesbite Sipetran/Website_Sipetran/vendor/laravel/framework/src/Illuminate/Container/Container.php(696): Illuminate/Container/BoundMethod::call(Object(Illuminate/Foundation/Application), Array, Array, NULL)
#20 C:/Users/LENOVO/Desktop/Wesbite Sipetran/Website_Sipetran/vendor/laravel/framework/src/Illuminate/Console/Command.php(213): Illuminate/Container/Container->call(Array)
#21 C:/Users/LENOVO/Desktop/Wesbite Sipetran/Website_Sipetran/vendor/symfony/console/Command/Command.php(341): Illuminate/Console/Command->execute(Object(Symfony/Component/Console/Input/ArgvInput), Object(Illuminate/Console/OutputStyle))
#22 C:/Users/LENOVO/Desktop/Wesbite Sipetran/Website_Sipetran/vendor/laravel/framework/src/Illuminate/Console/Command.php(182): Symfony/Component/Console/Command/Command->run(Object(Symfony/Component/Console/Input/ArgvInput), Object(Illuminate/Console/OutputStyle))
#23 C:/Users/LENOVO/Desktop/Wesbite Sipetran/Website_Sipetran/vendor/symfony/console/Application.php(1117): Illuminate/Console/Command->run(Object(Symfony/Component/Console/Input/ArgvInput), Object(Symfony/Component/Console/Output/ConsoleOutput))
#24 C:/Users/LENOVO/Desktop/Wesbite Sipetran/Website_Sipetran/vendor/symfony/console/Application.php(356): Symfony/Component/Console/Application->doRunCommand(Object(Illuminate/Database/Console/Migrations/MigrateCommand), Object(Symfony/Component/Console/Input/ArgvInput), Object(Symfony/Component/Console/Output/ConsoleOutput))
#25 C:/Users/LENOVO/Desktop/Wesbite Sipetran/Website_Sipetran/vendor/symfony/console/Application.php(195): Symfony/Component/Console/Application->doRun(Object(Symfony/Component/Console/Input/ArgvInput), Object(Symfony/Component/Console/Output/ConsoleOutput))
#26 C:/Users/LENOVO/Desktop/Wesbite Sipetran/Website_Sipetran/vendor/laravel/framework/src/Illuminate/Foundation/Console/Kernel.php(198): Symfony/Component/Console/Application->run(Object(Symfony/Component/Console/Input/ArgvInput), Object(Symfony/Component/Console/Output/ConsoleOutput))
#27 C:/Users/LENOVO/Desktop/Wesbite Sipetran/Website_Sipetran/vendor/laravel/framework/src/Illuminate/Foundation/Application.php(1235): Illuminate/Foundation/Console/Kernel->handle(Object(Symfony/Component/Console/Input/ArgvInput), Object(Symfony/Component/Console/Output/ConsoleOutput))
#28 C:/Users/LENOVO/Desktop/Wesbite Sipetran/Website_Sipetran/artisan(11): Illuminate/Foundation/Application->handleCommand(Object(Symfony/Component/Console/Input/ArgvInput))
#29 {main}

[previous exception] [object] (PDOException(code: HY000): SQLSTATE[HY000]: General error: 26 file is not a database at C:/Users/LENOVO/Desktop/Wesbite Sipetran/Website_Sipetran/vendor/laravel/framework/src/Illuminate/Database/Connection.php:407)
[stacktrace]
#0 C:/Users/LENOVO/Desktop/Wesbite Sipetran/Website_Sipetran/vendor/laravel/framework/src/Illuminate/Database/Connection.php(407): PDO->prepare('select exists (...')
#1 C:/Users/LENOVO/Desktop/Wesbite Sipetran/Website_Sipetran/vendor/laravel/framework/src/Illuminate/Database/Connection.php(812): Illuminate/Database/Connection->Illuminate/Database/{closure}('select exists (...', Array)
#2 C:/Users/LENOVO/Desktop/Wesbite Sipetran/Website_Sipetran/vendor/laravel/framework/src/Illuminate/Database/Connection.php(779): Illuminate/Database/Connection->runQueryCallback('select exists (...', Array, Object(Closure))
#3 C:/Users/LENOVO/Desktop/Wesbite Sipetran/Website_Sipetran/vendor/laravel/framework/src/Illuminate/Database/Connection.php(398): Illuminate/Database/Connection->run('select exists (...', Array, Object(Closure))
#4 C:/Users/LENOVO/Desktop/Wesbite Sipetran/Website_Sipetran/vendor/laravel/framework/src/Illuminate/Database/Connection.php(344): Illuminate/Database/Connection->select('select exists (...', Array, true)
#5 C:/Users/LENOVO/Desktop/Wesbite Sipetran/Website_Sipetran/vendor/laravel/framework/src/Illuminate/Database/Connection.php(361): Illuminate/Database/Connection->selectOne('select exists (...', Array, true)
#6 C:/Users/LENOVO/Desktop/Wesbite Sipetran/Website_Sipetran/vendor/laravel/framework/src/Illuminate/Database/Schema/SQLiteBuilder.php(44): Illuminate/Database/Connection->scalar('select exists (...')
#7 C:/Users/LENOVO/Desktop/Wesbite Sipetran/Website_Sipetran/vendor/laravel/framework/src/Illuminate/Database/Migrations/DatabaseMigrationRepository.php(184): Illuminate/Database/Schema/SQLiteBuilder->hasTable('migrations')
#8 C:/Users/LENOVO/Desktop/Wesbite Sipetran/Website_Sipetran/vendor/laravel/framework/src/Illuminate/Database/Migrations/Migrator.php(742): Illuminate/Database/Migrations/DatabaseMigrationRepository->repositoryExists()
#9 C:/Users/LENOVO/Desktop/Wesbite Sipetran/Website_Sipetran/vendor/laravel/framework/src/Illuminate/Database/Console/Migrations/MigrateCommand.php(165): Illuminate/Database/Migrations/Migrator->repositoryExists()
#10 C:/Users/LENOVO/Desktop/Wesbite Sipetran/Website_Sipetran/vendor/laravel/framework/src/Illuminate/Support/helpers.php(338): Illuminate/Database/Console/Migrations/MigrateCommand->Illuminate/Database/Console/Migrations/{closure}(1)
#11 C:/Users/LENOVO/Desktop/Wesbite Sipetran/Website_Sipetran/vendor/laravel/framework/src/Illuminate/Database/Console/Migrations/MigrateCommand.php(165): retry(1, Object(Closure), 0, Object(Closure))
#12 C:/Users/LENOVO/Desktop/Wesbite Sipetran/Website_Sipetran/vendor/laravel/framework/src/Illuminate/Database/Console/Migrations/MigrateCommand.php(141): Illuminate/Database/Console/Migrations/MigrateCommand->repositoryExists()
#13 C:/Users/LENOVO/Desktop/Wesbite Sipetran/Website_Sipetran/vendor/laravel/framework/src/Illuminate/Database/Console/Migrations/MigrateCommand.php(111): Illuminate/Database/Console/Migrations/MigrateCommand->prepareDatabase()
#14 C:/Users/LENOVO/Desktop/Wesbite Sipetran/Website_Sipetran/vendor/laravel/framework/src/Illuminate/Database/Migrations/Migrator.php(658): Illuminate/Database/Console/Migrations/MigrateCommand->Illuminate/Database/Console/Migrations/{closure}()
#15 C:/Users/LENOVO/Desktop/Wesbite Sipetran/Website_Sipetran/vendor/laravel/framework/src/Illuminate/Database/Console/Migrations/MigrateCommand.php(110): Illuminate/Database/Migrations/Migrator->usingConnection(NULL, Object(Closure))
#16 C:/Users/LENOVO/Desktop/Wesbite Sipetran/Website_Sipetran/vendor/laravel/framework/src/Illuminate/Database/Console/Migrations/MigrateCommand.php(89): Illuminate/Database/Console/Migrations/MigrateCommand->runMigrations()
#17 C:/Users/LENOVO/Desktop/Wesbite Sipetran/Website_Sipetran/vendor/laravel/framework/src/Illuminate/Container/BoundMethod.php(36): Illuminate/Database/Console/Migrations/MigrateCommand->handle()
#18 C:/Users/LENOVO/Desktop/Wesbite Sipetran/Website_Sipetran/vendor/laravel/framework/src/Illuminate/Container/Util.php(43): Illuminate/Container/BoundMethod::Illuminate/Container/{closure}()
#19 C:/Users/LENOVO/Desktop/Wesbite Sipetran/Website_Sipetran/vendor/laravel/framework/src/Illuminate/Container/BoundMethod.php(95): Illuminate/Container/Util::unwrapIfClosure(Object(Closure))
#20 C:/Users/LENOVO/Desktop/Wesbite Sipetran/Website_Sipetran/vendor/laravel/framework/src/Illuminate/Container/BoundMethod.php(35): Illuminate/Container/BoundMethod::callBoundMethod(Object(Illuminate/Foundation/Application), Array, Object(Closure))
#21 C:/Users/LENOVO/Desktop/Wesbite Sipetran/Website_Sipetran/vendor/laravel/framework/src/Illuminate/Container/Container.php(696): Illuminate/Container/BoundMethod::call(Object(Illuminate/Foundation/Application), Array, Array, NULL)
#22 C:/Users/LENOVO/Desktop/Wesbite Sipetran/Website_Sipetran/vendor/laravel/framework/src/Illuminate/Console/Command.php(213): Illuminate/Container/Container->call(Array)
#23 C:/Users/LENOVO/Desktop/Wesbite Sipetran/Website_Sipetran/vendor/symfony/console/Command/Command.php(341): Illuminate/Console/Command->execute(Object(Symfony/Component/Console/Input/ArgvInput), Object(Illuminate/Console/OutputStyle))
#24 C:/Users/LENOVO/Desktop/Wesbite Sipetran/Website_Sipetran/vendor/laravel/framework/src/Illuminate/Console/Command.php(182): Symfony/Component/Console/Command/Command->run(Object(Symfony/Component/Console/Input/ArgvInput), Object(Illuminate/Console/OutputStyle))
#25 C:/Users/LENOVO/Desktop/Wesbite Sipetran/Website_Sipetran/vendor/symfony/console/Application.php(1117): Illuminate/Console/Command->run(Object(Symfony/Component/Console/Input/ArgvInput), Object(Symfony/Component/Console/Output/ConsoleOutput))
#26 C:/Users/LENOVO/Desktop/Wesbite Sipetran/Website_Sipetran/vendor/symfony/console/Application.php(356): Symfony/Component/Console/Application->doRunCommand(Object(Illuminate/Database/Console/Migrations/MigrateCommand), Object(Symfony/Component/Console/Input/ArgvInput), Object(Symfony/Component/Console/Output/ConsoleOutput))
#27 C:/Users/LENOVO/Desktop/Wesbite Sipetran/Website_Sipetran/vendor/symfony/console/Application.php(195): Symfony/Component/Console/Application->doRun(Object(Symfony/Component/Console/Input/ArgvInput), Object(Symfony/Component/Console/Output/ConsoleOutput))
#28 C:/Users/LENOVO/Desktop/Wesbite Sipetran/Website_Sipetran/vendor/laravel/framework/src/Illuminate/Foundation/Console/Kernel.php(198): Symfony/Component/Console/Application->run(Object(Symfony/Component/Console/Input/ArgvInput), Object(Symfony/Component/Console/Output/ConsoleOutput))
#29 C:/Users/LENOVO/Desktop/Wesbite Sipetran/Website_Sipetran/vendor/laravel/framework/src/Illuminate/Foundation/Application.php(1235): Illuminate/Foundation/Console/Kernel->handle(Object(Symfony/Component/Console/Input/ArgvInput), Object(Symfony/Component/Console/Output/ConsoleOutput))
#30 C:/Users/LENOVO/Desktop/Wesbite Sipetran/Website_Sipetran/artisan(11): Illuminate/Foundation/Application->handleCommand(Object(Symfony/Component/Console/Input/ArgvInput))
#31 {main}
"} 
